CustomerID,Monetary,TimeSpent,PC1,PC2
12347.0,2540.29,420,1.305188019428167,0.8374878673637776
12348.0,367.0,1,-0.6858383692265673,-0.4015472030706619
12350.0,334.4,1,-0.6914784165681511,-0.395907155729078
12352.0,456.0799999999999,66,-0.4198850934086783,-0.16641695898211573
12355.0,459.4,1,-0.6698524681725074,-0.4175331041247217
12356.0,481.46,1,-0.6660359207996442,-0.42134965149758485
12357.0,6207.67,1,0.3246418549013068,-1.4120274271985356
12358.0,1168.06,116,-0.10398272076559091,-0.09687047015871464
12359.0,3404.48,292,0.9613249035033125,0.1946018979344216
12362.0,2135.79,213,0.437327307184233,0.10959029313644916
12363.0,299.1,1,-0.6975855843950809,-0.3897999879021482
12364.0,310.32,1,-0.695644439267088,-0.39174113303014124
12367.0,168.9,1,-0.7201111722439834,-0.36727440005324574
12370.0,938.39,1,-0.5869835639962725,-0.5004020083009566
12371.0,1527.96,1,-0.48498348083131526,-0.6024020914659138
12372.0,515.7,1,-0.6601121410151095,-0.4272734312821196
12373.0,364.6,1,-0.6862535874357636,-0.4011319848614655
12375.0,228.22,152,-0.12782058135894922,0.2044905706905154
12378.0,4008.62,1,-0.05581047965421538,-1.0315750926430136
12380.0,607.5500000000001,1,-0.6442213941339905,-0.4431641781632386
12381.0,1845.31,211,0.3793630860351706,0.15213655982685204
12383.0,750.61,117,-0.17235024941301766,-0.020793964281958056
12384.0,585.27,33,-0.5247323675067538,-0.3159659334519227
12386.0,401.9,293,0.44571027104764244,0.717925507619421
12388.0,334.95000000000005,63,-0.45240496828598753,-0.15702401579279587
12393.0,884.1,89,-0.25718114781295864,-0.1518144283032507
12394.0,1272.48,34,-0.40198533491632654,-0.43100398881302027
12395.0,1759.68,632,1.987288153120135,1.7896909062897206
12397.0,1195.09,1,-0.5425725163709786,-0.5448130559262505
12399.0,820.6,93,-0.25274917513928613,-0.12541049205960414
12401.0,84.3,1,-0.734747614118155,-0.3526379581790741
12406.0,1486.7,1,-0.4921217738777493,-0.5952637984194799
12407.0,719.06,1,-0.6249293180892047,-0.4624562542080244
12408.0,1352.45,176,0.15918746511168402,0.10249797772379657
12409.0,6207.08,1,0.3245397804248793,-1.411925352722108
12410.0,681.0799999999999,214,0.18950592867388322,0.3651206488761287
12413.0,609.5,235,0.2580663064925643,0.45844879287337265
12414.0,319.61,123,-0.22378958779320787,0.07689923747421067
12415.0,43977.36,269,7.8920877385071755,-6.913467413344023
12417.0,1502.18,222,0.36239836741250653,0.2539000279721434
12420.0,600.39,1,-0.645460128458093,-0.4419254438391361
12422.0,147.7,1,-0.7237789330918846,-0.3636066392053446
12423.0,538.72,249,0.29978367007832346,0.5246571104982304
12427.0,586.08,577,1.5722495750165466,1.7807357367801713
12428.0,6518.41,309,1.5655847258537898,-0.27860531151744933
12429.0,1281.5,1,-0.527622930764038,-0.5597626415331911
12431.0,3032.05,695,2.450250599525344,1.8123940253322874
12433.0,9033.92,607,3.1494246486137305,0.4348299800628811
12436.0,509.01,1,-0.6612695617732444,-0.42611601052398473
12437.0,2040.81,301,0.7600900446457969,0.465217551855905
12441.0,173.55,1,-0.7193066869636654,-0.3680788853335637
12442.0,172.06,1,-0.7195644682685415,-0.3678211040286876
12444.0,1636.08,63,-0.22729960639779645,-0.3821293776809868
12447.0,476.49,1,-0.666895768507855,-0.42048980378937406
12449.0,2724.58,212,0.5353379558165366,0.0038706672748157894
12450.0,96.0,1,-0.7327234253483228,-0.35466214694890635
12451.0,4927.87,4,0.11479021069134315,-1.1790488513005826
12455.0,477.46,93,-0.31211499859913555,-0.06604466859975475
12461.0,826.88,58,-0.38656978900516,-0.2614040812202723
12462.0,717.33,52,-0.42864970186709134,-0.2655780317343195
12463.0,344.57,1,-0.6897189294066816,-0.39766664289054754
12464.0,213.9,1,-0.7123258308215517,-0.3750597414756775
12468.0,508.9500000000001,1,-0.6612799422284743,-0.42610563006875485
12471.0,9867.74,666,3.5210966632090033,0.5179876219980644
12472.0,1611.4,606,1.8614178841139992,1.7151277673332816
12473.0,636.19,278,0.42842688942459206,0.6195742308025248
12474.0,1045.94,542,1.5169017425370415,1.5662693662331348
12476.0,169.29999999999998,126,-0.23823089237600686,0.11446747374499892
12477.0,3317.81,304,0.9925841992996876,0.2558503288900038
12478.0,680.99,1,-0.6315157169325819,-0.45586985536464714
12480.0,1952.93,132,0.09347756200735824,-0.1709871172623873
12481.0,2064.77,292,0.72954490890229,0.426381892535444
12483.0,1107.61,268,0.471441240019338,0.49947010791448115
12484.0,1970.79,122,0.05802259136747897,-0.21262191891580573
12489.0,334.93,1,-0.6913867225469535,-0.39599884975027555
12490.0,2463.06,205,0.4631115913184524,0.022134191167591622
12491.0,460.4,1,-0.6696794605853423,-0.4177061117118868
12492.0,136.82,1,-0.7256612556402414,-0.3617243166569878
12494.0,181.97,237,0.19180934998117763,0.5401237038434188
12500.0,693.48,211,0.1800877569107364,0.35141188895128617
12501.0,2169.39,1,-0.3740112241959734,-0.7133743481012557
12502.0,3021.07,94,0.13180331880467547,-0.5022540087742358
12504.0,449.4,1,-0.671582544044159,-0.4158030282530702
12508.0,275.19,1,-0.7017221958041997,-0.38566337649302945
12512.0,138.03,1,-0.7254519164597716,-0.36193365583745757
12516.0,583.2,1,-0.6484341288814619,-0.4389514434157672
12517.0,2047.69,277,0.668772610093536,0.37151953290425144
12518.0,1207.16,89,-0.2012893167033854,-0.20770625941282392
12519.0,340.84,1,-0.6903642477068076,-0.39702132459042155
12520.0,987.42,1,-0.5785010019975652,-0.5088845702996639
12523.0,354.5,331,0.5839802787732801,0.8725966346083148
12524.0,2962.6,268,0.7923685841348188,0.17854276379900053
12526.0,797.38,94,-0.252911922698596,-0.11753876727096448
12528.0,552.64,23,-0.5689224912226015,-0.34886558202937273
12530.0,1244.68,132,-0.029055061602358958,-0.048454493652670176
12532.0,349.83000000000004,1,-0.6888089094981928,-0.39857666279903625
12534.0,1089.18,1,-0.5608957499276396,-0.5264898223695895
12535.0,716.35,94,-0.2669307274865881,-0.10351996248297243
12536.0,4106.82,271,1.0018907913649209,-0.007852511743112016
12538.0,363.95,1,-0.6863660423674209,-0.40101952992980816
12539.0,1715.85,1,-0.45247708527885533,-0.6349084870183738
12540.0,5047.38,302,1.2841039546035855,-0.051087380872553705
12541.0,757.44,191,0.11406354989252164,0.26325655138290543
12544.0,355.7,213,0.12935823134742194,0.4175593689732601
12547.0,159.4,1,-0.7217547443220523,-0.3656308279751768
12552.0,120.0,1,-0.7285712432563592,-0.35881432904086996
12553.0,1356.57,331,0.7573459916438615,0.6992309217377335
12556.0,312.9,1,-0.6951980796922018,-0.3921874926050273
12557.0,8183.46,598,2.9675982185012737,0.5472756151113707
12558.0,1.0658141036401504e-14,180,-0.05937869169116295,0.3519000434439626
12559.0,50.10000000000001,1,-0.7406644735992032,-0.346721098698026
12560.0,697.7,1,-0.6286247601510523,-0.4587608121461768
12561.0,238.85,1,-0.7080092915217812,-0.379376280775448
12562.0,1304.37,115,-0.08425454517377425,-0.124307622979861
12567.0,4357.27,450,1.7351740035954473,0.6387712000763909
12569.0,2534.95,339,0.9920505811248496,0.5261981500913838
12571.0,248.35,1,-0.7063657194437123,-0.3810198528535169
12572.0,487.68,1,-0.664959813607477,-0.42242575868975213
12576.0,1076.63,113,-0.13136427030409514,-0.0926158523081997
12577.0,399.51,1,-0.6802138925678283,-0.4071716797294009
12580.0,415.7,1,-0.6774128997316244,-0.40997267256560466
12583.0,5093.2699999999995,697,2.8145662755712233,1.4634963037450675
12584.0,742.99,93,-0.26617629397917336,-0.1119833732197169
12587.0,144.0,1,-0.7244190611643956,-0.3629665111328335
12589.0,515.1800000000001,1,-0.6602021049604354,-0.42718346733679374
12590.0,9861.38,302,2.1169624792166153,-0.8839459054855834
12592.0,437.6,56,-0.46162715976613905,-0.2017646649179526
12593.0,321.8,85,-0.3698812685345818,-0.06995021649894662
12594.0,850.83,239,0.31523618196178943,0.4321148263214667
12596.0,269.95,1,-0.7026287555609451,-0.38475681673628415
12597.0,784.57,57,-0.3977442286327823,-0.2579386188219797
12598.0,1179.92,308,0.6381309632338454,0.6411394738731646
12599.0,636.3,183,0.06226950186601638,0.2533787815747726
12600.0,884.02,608,1.7432846025911428,1.8486790033147982
12601.0,325.46,240,0.22819767450749964,0.5268623110050862
12602.0,153.12,1,-0.7228412319694495,-0.36454434032777966
12607.0,3.552713678800501e-15,61,-0.5180628368362841,-0.10678410170115882
12609.0,512.8,1,-0.6606138630178885,-0.42677170927934066
12610.0,935.2,183,0.1139814696696796,0.20166681377110943
12614.0,315.6,1,-0.6947309592068559,-0.3926546130903732
12615.0,1079.8,123,-0.09227095010613283,-0.054619400212864315
12616.0,449.75,125,-0.1935654031702055,0.06209300730986792
12617.0,355.53,1,-0.6878227662513515,-0.3995628060458776
12619.0,449.16,186,0.04145632784792488,0.2973188872808533
12621.0,3368.99,448,1.5564850881225432,0.8020421610906352
12623.0,305.1,1,-0.69654753887209,-0.3908380334251391
12625.0,897.7,277,0.46981561492948554,0.5704765280683017
12626.0,2380.61,186,0.3756118320780531,-0.03683661694927468
12627.0,2441.14,122,0.13939670999060708,-0.29399603753893383
12628.0,786.46,30,-0.5014884368889919,-0.3623367957576737
12633.0,411.08,305,0.4935523440737972,0.7625911613452236
12635.0,1689.18,94,-0.09862375646471559,-0.2718269335048448
12637.0,3630.15,182,0.5763737780857346,-0.26843447187427516
12638.0,671.69,1,-0.6331246874932178,-0.4542608848040113
12643.0,3094.14,240,0.7072003209399059,0.04785966457268013
12644.0,477.91,1,-0.6666500977340806,-0.4207354745631486
12645.0,874.12,153,-0.012220492194314257,0.09659945875521017
12646.0,615.28,1,-0.642884045485204,-0.4445015268120252
12647.0,2260.07,545,1.7385189101858594,1.3677791302723066
12648.0,318.05,1,-0.6943070906183013,-0.39307848167892784
12649.0,355.2,418,0.9194418935601404,1.207816038773144
12650.0,314.44,1,-0.6949316480079676,-0.3924539242892616
12651.0,114.0,1,-0.7296092887793502,-0.35777628351787905
12652.0,919.98,1,-0.5901686336759828,-0.4972169386212462
12654.0,171.23000000000002,1,-0.7197080645658886,-0.36767750773134056
12659.0,91.68,1,-0.7334708181248762,-0.35391475417235296
12662.0,1585.51,607,1.8607932062969585,1.7234614223796525
12664.0,2276.8,331,0.9165527635808471,0.5400241498007479
12667.0,620.13,1,-0.6420449586874529,-0.44534061360977617
12669.0,471.43,217,0.16479835386870414,0.41295515536929683
12670.0,1273.54,244,0.4076406622056942,0.37825523222421076
12673.0,389.62,1,-0.6819249376048916,-0.40546063469233756
12674.0,975.46,240,0.3406526061648469,0.41440737934773897
12676.0,800.15,217,0.22166940792163212,0.3560841013163689
12678.0,2073.52,32,-0.27110831452288475,-0.5772989636651212
12679.0,857.33,341,0.7095185699741811,0.8241481157007114
12680.0,361.83,57,-0.47088145603097764,-0.1848013914237844
12681.0,5368.29,483,2.0372862586550977,0.5910551935846227
12682.0,7288.08,636,2.959161252462607,0.8486537158645673
12683.0,4089.02,449,1.6849102297237306,0.6813259967187771
12684.0,916.26,235,0.3111381139313456,0.4053769854345914
12685.0,2019.54,125,0.07802017708577465,-0.20949257294611212
12686.0,89.14,1,-0.7339102573962757,-0.35347531490095346
12689.0,511.03,1,-0.6609200864471708,-0.42646548585005833
12691.0,479.5,28,-0.5623038230745361,-0.3169393640307892
12693.0,444.06,240,0.24871637434528637,0.5063436111672994
12694.0,439.5,1,-0.673295319157094,-0.4140902531401352
12695.0,248.2,57,-0.4905403081605536,-0.1651425392942085
12697.0,223.68,1,-0.7106338166190765,-0.37675175567815267
12700.0,4867.99,174,0.7596935808649243,-0.5134260924881029
12701.0,337.08,1,-0.6910147562345486,-0.3963708160626806
12704.0,1040.85,57,-0.3534058441940978,-0.30227700326066426
12705.0,2312.62,118,0.10174382042948249,-0.2871790568951284
12708.0,731.42,508,1.3314347833232527,1.4896310996497115
12709.0,3833.87,485,1.7795289339864786,0.8642304727119011
12710.0,411.61,91,-0.3312165254432904,-0.062361096214259414
12712.0,2595.38,628,2.116452639255391,1.629690511237146
12713.0,848.55,1,-0.6025265656271895,-0.4848590066700396
12716.0,375.59,1,-0.6843522340528186,-0.4030333382444105
12717.0,980.98,95,-0.21729324108040962,-0.14544847165982103
12719.0,608.1,211,0.16531636911857592,0.3661832767434466
12720.0,3023.37,573,1.9785012826796349,1.3436481201997648
12721.0,1999.48,359,0.9764999807188246,0.6959282950840039
12722.0,302.92,1,-0.69692469541211,-0.3904608768851191
12723.0,376.69,32,-0.5646727786523255,-0.28373449953568064
12724.0,363.14,202,0.08824603303461684,0.3738728177634376
12725.0,427.8,1,-0.6753195079269262,-0.41206606437030296
12726.0,1363.9,97,-0.1433361985738008,-0.20398755970777036
12727.0,1903.54,67,-0.165609042675946,-0.4129840324855182
12728.0,252.54,1,-0.7056408176534903,-0.38174475464373886
12731.0,2688.7,389,1.2113749283847353,0.6923226642979863
12735.0,319.77,1,-0.6940095175683773,-0.39337605472885184
12736.0,234.0,1,-0.7088483783195322,-0.378537193977697
12738.0,155.35,1,-0.7224554250500712,-0.364930147247158
12739.0,975.54,1,-0.5805563321330871,-0.506829240164142
12740.0,427.6,1,-0.6753541094443591,-0.41203146285286996
12744.0,2118.74,29,-0.2748483772752715,-0.596685832600724
12747.0,2226.18,425,1.2701170492970462,0.9111037236415471
12748.0,13876.93,692,4.314933655576937,-0.07541596240729388
12749.0,3392.51,303,1.0016533774462593,0.2390721735141021
12750.0,275.88,1,-0.7016028205690557,-0.38578275172817345
12753.0,12670.39,263,2.452617465667462,-1.5202510038802903
12755.0,2203.2,294,0.7612033264228915,0.41014142947350224
12757.0,2867.1,272,0.7912643140192066,0.2104829428319319
12758.0,1570.19,1,-0.477677370425331,-0.6097082018718981
12759.0,444.8,1,-0.6723783789451186,-0.4150071933521105
12762.0,1436.93,1,-0.5007323614909588,-0.5866532108062703
12763.0,320.08,1,-0.6939558852163561,-0.39342968708087306
12766.0,2554.2000000000003,385,1.1726874534523635,0.7001742303130393
12772.0,892.47,1,-0.5949280723988961,-0.492457499898333
12775.0,599.45,62,-0.4104989500954704,-0.2066390112126428
12778.0,255.93,58,-0.48534847089710215,-0.16262539932833017
12779.0,2219.24,417,1.238080467724801,0.8814684873791541
12781.0,219.97,186,0.001804718945544264,0.33697049618323394
12782.0,194.65,10,-0.6809658293424968,-0.3370389478907644
12783.0,622.84,1,-0.6415761081262354,-0.4458094641709937
12785.0,305.71,272,0.34812441033026414,0.6536228465208741
12787.0,186.56,1,-0.7170558582546469,-0.3703297140425823
12789.0,91.85,1,-0.7334414068350582,-0.353944165462171
12791.0,192.6,1,-0.7160108924281693,-0.3713746798690598
12793.0,545.48,537,1.4110459223910465,1.6335803002324811
12794.0,317.0,1,-0.6944887485848248,-0.3928968237124044
12797.0,254.03,1,-0.7053830363486142,-0.38200253594861494
12802.0,412.58,92,-0.32719421946907534,-0.05867442495914474
12808.0,483.65,420,0.9493736953608339,1.1933021914311108
12816.0,253.55,1,-0.7054660799904535,-0.3819194923067757
12817.0,166.04,1,-0.7206059739432757,-0.3667795983539534
12820.0,210.35,1,-0.712940007755988,-0.3744455645412412
12821.0,92.72,1,-0.7332908902342244,-0.35409468206300465
12823.0,229.5,1,-0.7096269124617753,-0.3777586598354538
12824.0,397.12,1,-0.6806273807011529,-0.4067581915960762
12826.0,577.1,394,0.8653245504001301,1.0769179284292403
12827.0,212.4,89,-0.3733903441117897,-0.035605232004419764
12828.0,907.51,184,0.11304537819574144,0.21031188247437727
12829.0,207.25,1,-0.7134763312761999,-0.37390924102102924
12830.0,2258.56,210,0.44700398281650383,0.07678668581618908
12832.0,383.03,151,-0.10489176540457737,0.17385277750681372
12834.0,312.38,1,-0.6952880436375277,-0.39209752865970143
12836.0,2161.73,312,0.8234094968471205,0.4866968491772088
12838.0,683.13,515,1.3500616672417018,1.524967056336571
12839.0,2195.86,420,1.2455990161808748,0.89707687061107
12840.0,1284.2,183,0.1743611175903168,0.14128716585047227
12841.0,2021.85,634,2.040354529476552,1.7520424843919633
12842.0,310.73,1,-0.6955735061563503,-0.39181206614087893
12843.0,1282.36,213,0.2896774420698794,0.2572401582508027
12844.0,325.96000000000004,276,0.367045768429018,0.6655373973394394
12849.0,346.39,1,-0.689404055598041,-0.39798151669918813
12851.0,135.18,1,-0.7259449880831923,-0.3614405842140369
12854.0,401.82,1,-0.6798142450414768,-0.4075713272557524
12855.0,38.1,1,-0.742740564645185,-0.3446450076520442
12856.0,866.46,272,0.4451384148331218,0.5566088420180165
12857.0,801.6,1,-0.6106492718445933,-0.4767363004526359
12865.0,981.38,1,-0.5795459678240427,-0.5078396044731864
12866.0,559.12,1,-0.6526001515803987,-0.43478542071683035
12867.0,1111.24,149,0.013385112415626427,0.04015794522795036
12868.0,1176.34,688,2.1022172696444503,2.1064645146078727
12872.0,378.53,1,-0.6838435917465531,-0.403541980550676
12873.0,374.0,1,-0.6846273161164111,-0.40275825618081795
12875.0,293.76000000000005,1,-0.6985094449105428,-0.38887612738668637
12877.0,376.56,184,0.021186999790405246,0.3021702608797134
12879.0,140.5,1,-0.7250245877194736,-0.3623609845777555
12881.0,298.0,1,-0.6977758927409626,-0.3896096795562666
12882.0,471.84,1,-0.667700253788173,-0.41968531850905616
12883.0,291.63,1,-0.6988779510712047,-0.38850762122602456
12884.0,309.05,1,-0.6958641589027876,-0.39152141339444146
12885.0,1158.27,120,-0.09025851058527815,-0.07975877142170827
12886.0,1351.09,209,0.28615029907708056,0.2299313923262824
12888.0,41.010000000000005,244,0.19440362079703244,0.5914922736328725
12891.0,289.0,123,-0.22908535003633312,0.08219499971733589
12893.0,188.14,1,-0.716782506266926,-0.37060306603030324
12897.0,128.8,1,-0.7270487764893059,-0.36033679580792327
12901.0,1244.28,302,0.6261387998558051,0.6068777738752263
12910.0,1286.62,176,0.14779837564860224,0.11388706718687837
12912.0,804.24,180,0.07976093021053696,0.2127604215422628
12913.0,1401.49,507,1.4435074886403394,1.3698494171032949
12915.0,199.65,1,-0.714791188938655,-0.3725943833585741
12917.0,594.0,1,-0.6465656469400783,-0.4408199253571508
12919.0,676.82,329,0.6320351070390213,0.809123851883914
12921.0,7300.73,692,3.17720116086148,1.0623165323081623
12922.0,405.38,1,-0.6791983380311688,-0.4081872342660603
12923.0,176.97,1,-0.7187150010155606,-0.3686705712816685
12924.0,508.23,97,-0.2913736006834044,-0.05595015759816687
12925.0,325.74,1,-0.6929766622730014,-0.3944089100242278
12928.0,980.26,236,0.32606508812458007,0.39815898847068676
12929.0,105.1,249,0.22476412013177133,0.5996766604447825
12931.0,34133.56,246,6.100382413833582,-5.299068564945015
12933.0,109.5,1,-0.7303878229215933,-0.35699774937563583
12935.0,343.78,1,-0.689855605400542,-0.39752996689668707
12939.0,6397.92,146,0.9164573974858848,-0.8860412715302968
12942.0,258.75,1,-0.7045664405371947,-0.38281913176003446
12944.0,317.56,1,-0.6943918643360123,-0.3929937079612169
12947.0,930.22,632,1.84378527987013,1.9331937795397256
12948.0,660.6700000000001,66,-0.3844894711505603,-0.20181258124023366
12949.0,3000.87,249,0.7257543008169967,0.09868647975955756
12950.0,1531.4,180,0.20556512729354717,0.08695622445925262
12951.0,467.48,111,-0.24446081925507585,0.005062742184121348
12952.0,292.78000000000003,182,-0.0010165530916206563,0.3089558593030799
12955.0,2505.06,212,0.49735933028204293,0.04184929280930945
12956.0,108.07,1,-0.7306352237712395,-0.35675034852598975
12957.0,961.7,88,-0.24761024766360792,-0.16909430568193118
12962.0,95.85,1,-0.7327493764863976,-0.3546361958108316
12963.0,630.45,122,-0.1738663980134576,0.01926707046513075
12965.0,771.91,1,-0.6157858671075266,-0.47159970518970257
12967.0,902.25,569,1.5961134749332329,1.6952000190288468
12970.0,428.44,1,-0.6752087830711404,-0.4121767892260887
12971.0,3877.92,656,2.4462674713087984,1.5157270416049715
12976.0,738.6,1,-0.6215487498359977,-0.4658368224612314
12977.0,39.239999999999995,1,-0.7425433359958167,-0.3448422363014125
12980.0,3869.85,300,1.072673353259677,0.14492526601269504
12981.0,185.04,1,-0.7173188297871379,-0.37006674251009125
12982.0,390.54,1,-0.6817657706246997,-0.4056198016725295
12985.0,1215.62,90,-0.1959711839013034,-0.20531541498557612
12989.0,2900.11,423,1.3790030752859257,0.7867997431940079
12990.0,409.5,189,0.046158312784949695,0.31574383403181777
12993.0,197.1,1,-0.7152323582859261,-0.37215321401130297
12994.0,621.82,180,0.04820088615987037,0.24432046559292936
12997.0,307.92,1,-0.6960596574762843,-0.3913259148209448
12999.0,320.28000000000003,1,-0.693921283698923,-0.39346428859830607
13000.0,201.75,1,-0.7144278730056083,-0.3729576992916209
13001.0,3717.68,120,0.3525388380810773,-0.5225561200880635
13003.0,89.05000000000001,63,-0.4949475339698978,-0.11448145010888561
13004.0,2348.59,236,0.5627965598702692,0.16142751672499775
13005.0,276.9,30,-0.5896461830048655,-0.2741790496418002
13011.0,50.55,1,-0.7405866201849789,-0.3467989521122503
13012.0,325.02,214,0.12790484718786008,0.42672173036215183
13013.0,3995.24,634,2.3817659719123863,1.4106310419561288
13014.0,1407.58,215,0.3190504293640292,0.2432851254153125
13015.0,979.37,121,-0.11735507931445857,-0.04495322546319816
13016.0,425.25,1,-0.6757606772741973,-0.41162489502303184
13017.0,204.0,1,-0.7140386059344866,-0.3733469663627425
13018.0,2111.45,219,0.4562432342006227,0.13692822949603828
13021.0,920.85,415,1.0057401693961128,1.0983908312491828
13023.0,689.9,122,-0.16358109695648948,0.008981769408162614
13026.0,975.36,182,0.11707496575556714,0.19086434045589218
13027.0,1536.0,60,-0.2561776715652793,-0.37637824420149335
13029.0,474.2999999999999,1,-0.6672746551237467,-0.42011091717348237
13030.0,427.74,1,-0.675329888382156,-0.4120556839150731
13034.0,165.86,1,-0.7206371153089655,-0.3667484569882637
13037.0,326.9,1,-0.6927759734718898,-0.39460959882533936
13038.0,196.66,1,-0.7153084816242788,-0.3720770906729503
13040.0,676.99,150,-0.057888943696174845,0.11914097856908147
13043.0,516.42,1,-0.6599875755523507,-0.4273979967448785
13045.0,305.28000000000003,1,-0.6965163975064003,-0.39086917479082883
13046.0,431.59,1,-0.6746638091715702,-0.4127217631256589
13047.0,1596.27,576,1.743165620880244,1.602110713687144
13049.0,502.9,1,-0.6623266381308235,-0.42505893416640567
13050.0,1870.82,447,1.293435822644666,1.0573824493391821
13052.0,348.15000000000003,1,-0.6890995622446303,-0.39828601005259884
13055.0,332.40999999999997,116,-0.24855651098014814,0.04770332005584254
13058.0,137.70000000000002,33,-0.6021653732942598,-0.2385329276644167
13059.0,183.4,1,-0.7176025622300887,-0.3697830100671404
13062.0,346.98,1,-0.6893019811216136,-0.3980835911756156
13064.0,639.03,63,-0.3997968211808089,-0.2096321628979745
13065.0,205.86,1,-0.7137168118223595,-0.3736687604748697
13066.0,151.81,1,-0.7230678719086359,-0.36431770038859335
13069.0,2741.74,575,1.9374861331356434,1.4000812242024157
13075.0,919.61,1,-0.5902326464832339,-0.4971529258139951
13077.0,465.55,365,0.734245384226576,0.9844367549522312
13078.0,4538.07,485,1.901360876868177,0.7423985298302028
13079.0,65.7,119,-0.2831358987089706,0.10540963947265419
13081.0,17758.61,577,4.543227555837693,-1.1902422440409735
13082.0,1747.54,7,-0.42386754315360237,-0.617264165767648
13083.0,111.36,1,-0.7300660288094661,-0.35731954348776307
13085.0,137.98000000000002,1,-0.7254605668391299,-0.3619250054580993
13089.0,27475.6,571,6.20121361855759,-2.8944821701368495
13090.0,4085.29,545,2.0542958184314335,1.0520022220267324
13091.0,345.82,1,-0.6895026699227251,-0.397882902374504
13092.0,151.0,154,-0.13347125001051244,0.22555919380073797
13093.0,3392.09,687,2.4817043422909655,1.7192684647320278
13094.0,915.78,508,1.3633304620930198,1.4577354208799447
13097.0,1944.28,99,-0.035217077905561535,-0.29668872591735
13098.0,18901.67,326,3.7735089661418026,-2.3554769389068557
13099.0,207.36,1,-0.7134573004416117,-0.3739282718556174
13102.0,3836.47,416,1.514019039301231,0.5978209385733945
13104.0,339.48,1,-0.6905995380253522,-0.396786034271877
13107.0,566.84,1,-0.6512645330074838,-0.4361210392897454
13108.0,350.06,1,-0.6887691177531449,-0.39861645454408423
13109.0,774.74,186,0.09778413807715432,0.24099107705162395
13110.0,746.08,272,0.42431176149018107,0.5774354953609573
13113.0,3740.91,479,1.740319216995617,0.8571863263267839
13115.0,1733.02,484,1.4122114558759091,1.2238389735931405
13117.0,664.71,602,1.6822153769619645,1.8634943655679979
13122.0,18.72,1,-0.7460934516844455,-0.34129212061278363
13124.0,2610.01,308,0.8855473835628542,0.39372305354415593
13126.0,1083.34,445,1.1494868306745245,1.1859134868506644
13130.0,64.0,1,-0.7382596681376076,-0.3491259041596216
13131.0,290.9,35,-0.567951633711229,-0.25732871278878783
13133.0,109.8,92,-0.37957745671093934,-0.006291187717280769
13134.0,360.04,1,-0.6870425020332367,-0.40034307026399246
13136.0,550.63,453,1.0881598678330968,1.3089122675267302
13137.0,1973.97,311,0.7870711036663272,0.5153262651286723
13138.0,193.23,1,-0.7159018976482553,-0.3714836746489738
13139.0,1887.38,25,-0.33029336710046,-0.5720767516928547
13140.0,159.51,1,-0.7217357134874641,-0.36564985880976497
13141.0,357.23,245,0.2529665686250609,0.5406383030341738
13144.0,110.95,1,-0.7301369619202038,-0.3572486103770254
13145.0,499.72,573,1.5418906853303052,1.7802587175490943
13147.0,356.40000000000003,244,0.24896848371304897,0.536927410716856
13148.0,1698.09,364,0.9436296670964446,0.7673434948530329
13153.0,486.22,1,-0.6652124046847381,-0.422173167612491
13155.0,468.96,364,0.7309808514841443,0.9799923104653331
13157.0,300.12,1,-0.6974091166561724,-0.38997645564105665
13158.0,944.65,181,0.10790741413906048,0.192322914843069
13159.0,282.56,1,-0.7004471298867925,-0.3869384424104367
13162.0,1096.56,87,-0.22813293307318078,-0.1962805975016881
13166.0,414.7,30,-0.5658057374935079,-0.29801949515315773
13167.0,416.76,61,-0.4459601948093364,-0.17888674372810648
13168.0,346.53000000000003,1,-0.6893798345358378,-0.3980057377613913
13169.0,712.88,186,0.08708188873511816,0.2516933263936601
13173.0,353.65,304,0.4797620297282378,0.7686724984614534
13174.0,1415.97,1,-0.5043586005179403,-0.5830269717792887
13177.0,282.45,1,-0.7004661607213807,-0.38691941157584847
13178.0,1465.06,147,0.06688967967706996,-0.028764576492152534
13183.0,1799.42,201,0.3328788817135131,0.12153099185521182
13184.0,793.03,307,0.5673415692208559,0.7042198906568246
13186.0,1265.74,245,0.41014569164047093,0.38345918001876383
13187.0,236.02,1,-0.7084989029934585,-0.37888666930377063
13192.0,447.62,1,-0.671890497549313,-0.4154950747479162
13193.0,117.88,1,-0.7289380193411493,-0.35844755295607983
13198.0,1818.24,218,0.40166119095326414,0.1838012955140667
13199.0,2863.76,364,1.1452994212272445,0.565673740722233
13200.0,319.32,1,-0.6940873709826016,-0.39329820131462756
13203.0,309.86,3,-0.6880150455278542,-0.3839525723107154
13207.0,197.52000000000004,1,-0.7151596950993168,-0.37222587719791234
13208.0,674.14,282,0.45041048181616905,0.628426547328267
13209.0,2289.49,190,0.37526533519422417,-0.005654211148126679
13210.0,353.48,1,-0.6881774318050401,-0.39920814049218906
13211.0,775.94,1,-0.615088646531251,-0.4722969257659781
13212.0,291.47,1,-0.698905632285151,-0.38847994001207814
13213.0,548.6,182,0.04324224785696791,0.26469705835449137
13218.0,62.63999999999999,1,-0.7384949584561522,-0.34889061384107695
13220.0,643.09,91,-0.2911687291663016,-0.10240889249124824
13224.0,2150.85,27,-0.27700208088072825,-0.6099500834539268
13225.0,3428.0,161,0.46045603343233704,-0.31440524903680284
13226.0,108.21,1,-0.7306110027090363,-0.3567745695881928
13230.0,1567.12,394,1.0366055218453714,0.905636956983999
13232.0,473.83,299,0.48128163848042105,0.7286080035626212
13233.0,304.24,1,-0.6966963253970521,-0.3906892469001771
13235.0,101.17000000000009,29,-0.6239032949120622,-0.24763091496393339
13240.0,334.11,209,0.11020504308186675,0.4058766483214961
13242.0,104.0,1,-0.7313393646510016,-0.3560462076462276
13244.0,121.74,1,-0.7282702100546918,-0.3591153622425373
13248.0,465.68,123,-0.1985183695359945,0.0516280192169973
13249.0,419.5700000000001,30,-0.5649631905440137,-0.29886204210265205
13253.0,1030.4,66,-0.3205233759479896,-0.26577867644280445
13255.0,216.85,515,1.269391689498336,1.6056370340799369
13259.0,292.32,1,-0.6987585758360606,-0.3886269964611685
13260.0,557.62,1,-0.6528596629611464,-0.43452590933608265
13263.0,2727.1,332,0.9983125686959788,0.465973321914946
13265.0,1802.3,126,0.04429049746468241,-0.1680539160956902
13266.0,1568.43,211,0.33146074530088404,0.20003890056113857
13267.0,2548.14,476,1.5223974914086469,1.0519811202257645
13268.0,816.03,327,0.6484105160189519,0.7773304884453238
13269.0,2913.34,576,1.9710287237078477,1.3742476108595403
13270.0,590.0,1,-0.647257677288739,-0.4401278950084902
13271.0,178.26,1,-0.7184918212281176,-0.36889375106911154
13272.0,276.56,89,-0.36229017731927365,-0.046705398796935756
13276.0,590.9300000000001,182,0.05056565902166871,0.25737364718979056
13280.0,422.85,98,-0.30229049986089995,-0.03732428119134152
13282.0,342.15000000000003,274,0.3621377840358921,0.655027427273906
13283.0,93.66,126,-0.2513171862691788,0.12755376763817083
13285.0,796.83,1,-0.611474518035371,-0.4759110542618581
13291.0,361.11,1,-0.68685738391497,-0.4005281883822591
13292.0,329.37,1,-0.6923486447315919,-0.3950369275656373
13294.0,873.74,29,-0.4902428232958827,-0.3812913865801129
13297.0,1638.9,26,-0.3694278037445914,-0.5252333378193934
13298.0,360.0,1,-0.6870494223367233,-0.4003361499605058
13301.0,306.99,92,-0.3454620905978435,-0.04040655383037661
13302.0,63.75,1,-0.7383029200343989,-0.3490826522628303
13305.0,1086.21,629,1.8592092675480267,1.894642860173839
13307.0,15.0,1,-0.7467370399086999,-0.3406485323885292
13309.0,1007.09,299,0.5735396644121088,0.6363499776309336
13310.0,297.78,303,0.46624160721865593,0.7744839437417053
13311.0,598.57,209,0.15595862958356224,0.3601230618198007
13313.0,934.04,126,-0.10592507016733038,-0.0178383484636775
13314.0,276.32,32,-0.5820375501760916,-0.26636972801191455
13316.0,1514.17,1,-0.4873692554583226,-0.6000163168389064
13317.0,864.3000000000001,149,-0.0293373811589356,0.08288043880251236
13318.0,640.76,182,0.05918662709010809,0.2487526791213512
13319.0,6640.17,515,2.3806747842879847,0.49435393929028876
13320.0,466.61,61,-0.4373357665891537,-0.1875111719482892
13323.0,530.25,180,0.03235858140315761,0.2601627703496421
13324.0,4600.68,268,1.0757688525183071,-0.10485750458448774
13327.0,2084.42,296,0.7483624624487447,0.43840024790630827
13329.0,789.0,364,0.7863501996804788,0.9246229622689986
13330.0,805.11,34,-0.48284389092970253,-0.35014543279964433
13334.0,2731.84,146,0.28219774233147316,-0.2517816163758856
13338.0,431.82,92,-0.3238655534920179,-0.06200309093620221
13340.0,3678.03,1,-0.11300505789514204,-0.974380514402087
13344.0,2543.72,115,0.13016240797935388,-0.33872457613298906
13348.0,233.76,1,-0.7088899001404518,-0.3784956721567773
13351.0,373.94,1,-0.6846376965716412,-0.402747875725588
13352.0,389.28,240,0.23923901872037948,0.5158209667922062
13355.0,674.7,1,-0.6326039346558507,-0.45478163764137836
13359.0,431.26,123,-0.20447329068621894,0.057582940367221745
13362.0,763.58,52,-0.42064810096070315,-0.2735796326407076
13365.0,2191.22,150,0.2040843350169096,-0.14283230014400283
13368.0,35.400000000000006,1,-0.7432076851305309,-0.3441778871666983
13369.0,308.28000000000003,1,-0.6959973747449049,-0.3913881975523243
13370.0,721.32,153,-0.038656051513149124,0.12303501807404502
13372.0,378.64,1,-0.6838245609119649,-0.40356101138526423
13373.0,3312.25,185,0.5329381319699282,-0.20187189407047934
13375.0,778.65,1,-0.6146197959700335,-0.47276577632719563
13376.0,249.76,1,-0.7061217787458094,-0.38126379355141976
13379.0,299.53,1,-0.6975111911326,-0.38987438116462925
13381.0,1177.98,90,-0.20248318948219957,-0.19880340940467994
13382.0,222.99,1,-0.7107531918542205,-0.3766323804430087
13384.0,1286.69,214,0.2942810535369695,0.2603455240130425
13394.0,1011.05,269,0.45859011601733624,0.5200302091458131
13395.0,307.72,1,-0.6960942589937174,-0.3912913133035118
13396.0,973.72,1,-0.5808712059417277,-0.5065143663555014
13397.0,678.62,158,-0.02677103241177659,0.14969488511932136
13402.0,621.23,419,0.9693215905883502,1.1656453189742644
13404.0,252.49,84,-0.3857269130156632,-0.06181354924719502
13408.0,9728.32,694,3.6049016266170555,0.6500340210112465
13410.0,126.25,114,-0.2919327323794452,0.07566158699647996
13414.0,467.7,1,-0.6684165051990367,-0.4189690670981924
13417.0,404.83,1,-0.6792934922041096,-0.4080920800931195
13418.0,3637.54,636,2.327590135212742,1.4802248331144323
13419.0,221.06,1,-0.7110870964974492,-0.37629847579977993
13422.0,2626.3,1,-0.2949623275443448,-0.7924232447528842
13426.0,2017.32,151,0.17785280422355493,-0.1088917921213185
13427.0,464.86,94,-0.31044040558275154,-0.060010284386808964
13429.0,165.72,1,-0.7206613363711686,-0.36672423592606057
13431.0,1269.1,273,0.5186526783439626,0.49080355573650564
13434.0,72.84,1,-0.7367302810670677,-0.3506552912301615
13435.0,1133.13,62,-0.3181682609771733,-0.29896970033093984
13436.0,196.89,1,-0.7152686898792309,-0.3721168824179983
13437.0,2374.81,213,0.47867958066844707,0.06823801965223511
13441.0,296.64,1,-0.6980111830595072,-0.38937438923772194
13447.0,654.01,61,-0.4049141447544047,-0.2199327937830382
13448.0,1395.11,631,1.9203602884526714,1.8489097937278542
13450.0,1289.34,305,0.6454979875774616,0.6106455178415595
13451.0,1852.51,211,0.3806087406627597,0.15089090519926296
13455.0,692.94,1,-0.6294482762659585,-0.4579372960312707
13456.0,855.86,61,-0.36999256328511926,-0.2548543752523237
13458.0,5762.31,329,1.5118634614915178,-0.07070450256858221
13460.0,75.98,1,-0.7361870372433691,-0.35119853505386006
13461.0,560.8,1,-0.6523094988339613,-0.4350760734632678
13462.0,143.25,245,0.2159464051234622,0.5776584665357726
13464.0,674.68,1,-0.6326073948075941,-0.45477817748963506
13466.0,307.9,1,-0.6960631176280276,-0.3913224546692015
13467.0,782.46,1,-0.6139606370629342,-0.4734249352342949
13468.0,3377.4,696,2.513853258367493,1.7565003437194675
13470.0,49.5,1,-0.7407682781515023,-0.3466172941457269
13471.0,985.18,122,-0.1124954166183641,-0.04210391092996273
13473.0,422.64,21,-0.5991224547834008,-0.33408357292723306
13475.0,525.26,149,-0.08799387351140793,0.14153693115498467
13476.0,581.9,214,0.1723470361788437,0.38227954137116826
13477.0,413.64,304,0.4901407548822751,0.758293773307416
13483.0,140.34,1,-0.7250522689334201,-0.3623333033638091
13484.0,313.8,1,-0.6950423728637533,-0.3923431994334759
13486.0,819.61,121,-0.14499477143996287,-0.01731353333769388
13487.0,215.65,1,-0.7120230675440127,-0.37536250475321653
13488.0,4033.17,506,1.8949536070164554,0.9106943214978492
13489.0,51.36,1,-0.7404464840393751,-0.3469390882578541
13491.0,655.48,626,1.7731262436843873,1.9575989523494894
13492.0,676.1,241,0.29271554348575257,0.470053419256163
13493.0,439.28,1,-0.6733333808262703,-0.4140521914709589
13494.0,316.26000000000005,1,-0.6946167741993269,-0.3927687980979022
13495.0,1428.64,302,0.6580344786255722,0.5749820951054594
13497.0,321.05,235,0.20816226797477694,0.50835283139116
13499.0,311.46999999999997,127,-0.20977991509407262,0.09372547369239456
13500.0,638.8,244,0.2978258263284872,0.4880700681014178
13502.0,74.56,1,-0.7364327080171436,-0.35095286428008554
13504.0,295.93,1,-0.6981340184463944,-0.38925155385083465
13506.0,301.12,1,-0.6972361090690073,-0.3901494632282218
13507.0,842.69,122,-0.13714726771352626,-0.01745205983480059
13508.0,110.97,1,-0.7301335017684605,-0.3572520705287686
13509.0,265.3,298,0.4413498777142074,0.7608307870995048
13510.0,1233.27,119,-0.08113743016255687,-0.09658882907375943
13513.0,205.1,1,-0.7138482975886049,-0.3735372747086242
13515.0,203.4,1,-0.7141424104867857,-0.3732431618104434
13517.0,516.24,1,-0.6600187169180404,-0.4273668553791888
13520.0,1575.85,637,1.9747566114448898,1.8407673341116144
13521.0,805.77,121,-0.14738919644632853,-0.014919108331328201
13522.0,125.8,1,-0.7275677992508014,-0.3598177730464278
13523.0,1545.79,303,0.6821568060766343,0.558568744883727
13524.0,159.20000000000002,1,-0.7217893458394853,-0.3655962264577438
13525.0,282.88,1,-0.7003917674588996,-0.38699380483832946
13527.0,897.34,151,-0.01591223324966927,0.08487324535190562
13531.0,305.45,1,-0.6964869862165822,-0.3908985860806469
13532.0,210.31,1,-0.7129469280594746,-0.3744386442377546
13533.0,124.15,1,-0.7278532617696238,-0.3595323105276053
13534.0,1655.31,299,0.685686642564302,0.5242029994787404
13536.0,1009.0,122,-0.10837437589209024,-0.046224951656236586
13538.0,728.55,151,-0.04511418388727489,0.11407519598951121
13539.0,164.1,1,-0.7209416086623761,-0.36644396363485304
13548.0,682.41,177,0.04711995002221214,0.22227447004259832
13549.0,370.2,179,0.0008142284627104915,0.2839981460607593
13552.0,757.5500000000001,119,-0.16344059952876186,-0.014285659707554488
13557.0,584.06,222,0.20355664148443936,0.4127417539002105
13558.0,445.93,211,0.1372597287080036,0.3942399171540189
13560.0,174.37,1,-0.71916482074219,-0.36822075155503914
13561.0,141.86,1,-0.724789297400929,-0.36259627489630014
13562.0,603.27,1,-0.6449618666070573,-0.44242370569017175
13564.0,540.0,1,-0.6559080566469964,-0.43147751565023273
13565.0,110.18,1,-0.730270177762321,-0.3571153945349082
13569.0,118.32,1,-0.7288618960027967,-0.3585236762944325
13570.0,239.49,1,-0.7078985666659955,-0.37948700563123366
13571.0,983.75,209,0.22259769200783455,0.2934839993955284
13575.0,147.41,1,-0.7238291052921625,-0.3635564670050667
13576.0,3223.13,657,2.336838321923595,1.632865168219505
13577.0,699.15,121,-0.16583526538987678,0.003526960612220034
13579.0,164.70000000000002,1,-0.720837804110077,-0.3665477681871521
13581.0,118.0,1,-0.7289172584306896,-0.35846831386653966
13583.0,781.03,1,-0.6142080379125804,-0.4731775343846487
13584.0,142.4,1,-0.7246958733038599,-0.3626896989933693
13587.0,646.4,31,-0.5218653909326779,-0.3342508644846581
13588.0,1010.02,306,0.6010279969451567,0.6628244857031939
13590.0,513.41,95,-0.29818639861121865,-0.06455531412901208
13591.0,340.9,1,-0.6903538672515777,-0.39703170504565144
13592.0,138.39,177,-0.04699963754737253,0.3163940576121829
13593.0,559.85,1,-0.6524738560417682,-0.43491171625546093
13596.0,285.44,1,-0.6999488680357568,-0.3874367042614723
13599.0,3181.07,482,1.6550261152410743,0.965606359769316
13601.0,373.2,1,-0.6847657221861434,-0.40261985011108575
13602.0,428.89,1,-0.6751309296569161,-0.412254642640313
13606.0,280.53999999999996,282,0.38231469550796615,0.6965223336364699
13610.0,227.25,151,-0.13184288733316438,0.2008038994354007
13611.0,535.08,1,-0.6567592539758489,-0.4306263183213802
13614.0,302.15,1,-0.6970579112542272,-0.39032766104300193
13617.0,131.11,1,-0.7266491289629544,-0.3607364433342748
13623.0,287.41,191,0.032744793697286396,0.34457530757814064
13626.0,257.23,1,-0.7048294120696857,-0.3825561602275434
13627.0,291.54,3,-0.6911845445247197,-0.38078307331384986
13629.0,3604.0,244,0.8108279237905888,-0.02493202936068345
13630.0,964.0,156,0.014892895584084005,0.09261300266480117
13631.0,52.5,1,-0.7402492553900069,-0.34713631690722235
13632.0,261.58,1,-0.7040768290655173,-0.3833087432317118
13634.0,466.29,146,-0.1097595967705314,0.1401757227261189
13635.0,1071.03,1,-0.564035837634687,-0.5233497346625421
13636.0,649.77,247,0.31128718540368344,0.49773564071421067
13637.0,262.25,1,-0.7039609139821167,-0.38342465831511247
13642.0,354.8,1,-0.687949061789982,-0.39943651050724704
13643.0,519.44,183,0.04205183522989701,0.27359644821089196
13645.0,252.1,1,-0.7057169409918429,-0.3816686313053862
13649.0,197.8,1,-0.7151112529749105,-0.3722743193223186
13650.0,792.58,243,0.3205764444680789,0.4576104727324961
13651.0,15.0,1,-0.7467370399086999,-0.3406485323885292
13652.0,308.8,1,-0.695907410799579,-0.3914781614976502
13654.0,798.24,1,-0.6112305773374682,-0.47615499495976094
13655.0,383.65,1,-0.6829577929002675,-0.4044277793969616
13656.0,162.70000000000002,1,-0.7211838192844073,-0.3662017530128218
13662.0,297.34,302,0.46231099526563835,0.770705578465393
13666.0,20.6,1,-0.7457681974205751,-0.34161737487665406
13668.0,2211.44,327,0.8898270332250734,0.5359139712392025
13673.0,213.6,1,-0.7123777330977012,-0.3750078391995279
13675.0,178.38000000000002,1,-0.7184710603176577,-0.36891451197957137
13678.0,232.6,1,-0.7090905889415634,-0.3782949833556658
13680.0,1509.86,132,0.01682309036209538,-0.0943326456171245
13681.0,531.08,147,-0.09469594658343644,0.1328210497683538
13682.0,59.5,1,-0.7390382022798507,-0.3483473700173784
13685.0,2519.15,150,0.26081871307597715,-0.19956667820307036
13686.0,72.0,1,-0.7368756074402864,-0.35050996485694275
13689.0,910.0,1,-0.591895249395891,-0.49549032290133804
13690.0,172.25,1,-0.7195315968269802,-0.367853975470249
13694.0,18202.64,635,4.843608454417198,-1.0435024633193508
13695.0,1724.47,301,0.7053608245219735,0.5199467719797284
13697.0,151.29999999999998,1,-0.7231561057780901,-0.3642294665191391
13699.0,308.58000000000004,1,-0.6959454724687553,-0.39144009982847383
13700.0,719.98,116,-0.18150396042255112,-0.01934923050175446
13704.0,637.78,241,0.28608589274558405,0.47668306999633153
13705.0,507.32,396,0.8609610581970756,1.0966993750909542
13706.0,330.79,1,-0.6921029739578173,-0.3952825983394118
13709.0,3033.5,273,0.8239072651381525,0.18554896894231593
13710.0,180.48,1,-0.718107744384611,-0.3692778279126182
13711.0,252.06,1,-0.7057238612953295,-0.3816617110018996
13712.0,228.84,1,-0.7097410974693044,-0.37764447482792485
13715.0,1061.44,474,1.2574781343408892,1.3014825228348625
13717.0,389.25,125,-0.20403236219369705,0.07255996633335943
13718.0,192.5,1,-0.7160281931868858,-0.3713573791103433
13719.0,330.79,1,-0.6921029739578173,-0.3952825983394118
13721.0,524.14,1,-0.6586519569794357,-0.42873361531779347
13722.0,1457.22,278,0.5704713087147949,0.4775298115123221
13723.0,199.85,1,-0.7147565874212221,-0.3726289848760071
13725.0,1140.78,214,0.26903751649370244,0.2855890610563095
13726.0,786.98,1,-0.6131786427689477,-0.47420692952828136
13727.0,333.48,152,-0.10960980273394559,0.18627979206551176
13728.0,377.7,36,-0.5490800865306292,-0.268491282740058
13730.0,306.75,1,-0.6962620763532675,-0.3911234959439616
13731.0,610.59,89,-0.3045004529784987,-0.10449512313771066
13732.0,491.86,1,-0.6642366418931267,-0.42314893040410245
13736.0,374.37,1,-0.6845633033091602,-0.402822268988069
13741.0,361.03,183,0.014645703347065659,0.3010025800937233
13742.0,954.87,186,0.12894799475321272,0.20982722037556556
13743.0,915.23,186,0.12208997399798618,0.2166852411307921
13744.0,263.2,1,-0.7037965567743097,-0.38358901552291935
13747.0,79.6,1,-0.7355607497778313,-0.3518248225193979
13748.0,800.8,538,1.4590727081607175,1.5932624916921403
13750.0,325.44,1,-0.6930285645491508,-0.39435700774807825
13752.0,887.2900000000001,63,-0.3568459575911888,-0.25258302648759456
13754.0,126.6,1,-0.7274293931810693,-0.35995617911615996
13755.0,759.66,180,0.0720482519747146,0.22047309977808516
13756.0,3326.6400000000003,454,1.5722851484940885,0.8324959640950683
13758.0,1784.37,596,1.8527981203193065,1.6466577588346771
13759.0,99.0,1,-0.7322044025868274,-0.3551811697104018
13762.0,306.72,1,-0.6962672665808824,-0.3911183057163467
13763.0,1706.46,94,-0.0956341853585018,-0.2748165046110586
13764.0,499.89,1,-0.6628473909681906,-0.4245381813290386
13767.0,8191.450000000001,664,3.2233767976906056,0.800289533057803
13769.0,1663.41,456,1.2922427165227264,1.1279563505250896
13771.0,2041.2,5,-0.3807711123360143,-0.6757785510438956
13772.0,903.71,63,-0.35400517300993706,-0.2554238110688463
13777.0,12163.31,607,3.6908328618124777,-0.10657823313586588
13780.0,243.73,1,-0.7071650144964152,-0.3802205578008139
13781.0,127.84,1,-0.7272148637729844,-0.3601707085242447
13782.0,269.14,148,-0.13615906535081088,0.1819931457650579
13784.0,1123.47,303,0.6090922418650483,0.6316333090953129
13786.0,230.4,1,-0.7094712056333267,-0.37791436666390243
13787.0,106.4,1,-0.7309241464418053,-0.3564614258554239
13790.0,348.8,1,-0.688987107312973,-0.39839846498425613
13791.0,579.0,1,-0.6491607607475556,-0.4382248115496736
13792.0,120.95,1,-0.7284068860485523,-0.3589786862486768
13798.0,21253.4,664,5.483193250862431,-1.4595269201140215
13800.0,558.32,1,-0.6527385576501309,-0.43464701464709826
13801.0,324.8,1,-0.6931392894049366,-0.3942462828922926
13802.0,969.74,1,-0.581559776138645,-0.5058257961585841
13804.0,862.25,155,-0.006565115024634815,0.10636203604419031
13805.0,500.24,1,-0.6627868383126827,-0.4245987339845464
13806.0,256.38,1,-0.7049764685187762,-0.38240910377845305
13807.0,112.6,1,-0.7298514994013813,-0.3575340728958479
13808.0,1591.56,91,-0.12707622296777213,-0.26650139868977757
13809.0,155.05,1,-0.7225073273262207,-0.36487824497100846
13810.0,246.01,1,-0.7067705571976787,-0.3806150150995504
13811.0,333.0,1,-0.6917206271901823,-0.3956649451070468
13812.0,139.88,1,-0.725131852423516,-0.36225371987371313
13813.0,278.79,185,0.008126536607933527,0.322939701291515
13814.0,961.58,1,-0.5829715180499127,-0.5044140542473164
13816.0,371.69,1,-0.6850269636427627,-0.40235860865446643
13817.0,254.28,1,-0.7053397844518229,-0.3820457878454062
13819.0,732.05,244,0.31395878383163733,0.4719371105982676
13822.0,163.62,1,-0.7210246523042154,-0.3663609199930138
13823.0,650.42,1,-0.6368045588722205,-0.45058101342500856
13824.0,1371.28,304,0.6558197406551091,0.5926147875345822
13831.0,719.3,357,0.7473101505524136,0.9097001707917552
13833.0,384.8,1,-0.6827588341750276,-0.40462673812220157
13835.0,537.34,29,-0.548442575618239,-0.32309163425775667
13837.0,157.54000000000002,1,-0.7220765384341795,-0.3653090338630497
13838.0,450.25,335,0.6159637097030027,0.8714491125959113
13841.0,85.0,1,-0.7346265088071394,-0.35275906349008973
13842.0,2137.09,485,1.4859731202363962,1.1577862864619834
13845.0,312.98,1,-0.6951842390852286,-0.3922013332120005
13846.0,235.08,92,-0.3579030661908894,-0.0279655782373307
13848.0,640.0,361,0.7490086033488766,0.9388376269126111
13850.0,1586.81,304,0.6931080659168137,0.5553264622728775
13851.0,2405.14,61,-0.10195536864189628,-0.5228915698955464
13854.0,3676.07,453,1.6288847010625418,0.7681874342972854
13856.0,124.6,1,-0.7277754083553996,-0.35961016394182965
13860.0,319.45,1,-0.6940648799962701,-0.393320692300959
13862.0,1013.71,179,0.11214634087935592,0.17266603364411395
13863.0,299.56,61,-0.46623668402509194,-0.15861025451235095
13865.0,277.44,187,0.015601953594590337,0.33088223876351774
13867.0,561.3,97,-0.2821920880325499,-0.06513167024902136
13868.0,3192.54,32,-0.07750936433333912,-0.7708979138546668
13869.0,1519.99,1,-0.4863623513010215,-0.6010232209962076
13870.0,149.86,151,-0.14523194450387528,0.2141929566061116
13871.0,1392.0,184,0.19686582410138478,0.126491436568734
13873.0,381.7,281,0.3959616544109279,0.6751663975041785
13875.0,724.85,87,-0.2924415832983385,-0.13197194727653042
13876.0,122.7,1,-0.7281041227710133,-0.3592814495262158
13880.0,837.74,328,0.6560209993509722,0.7774289823426332
13881.0,9312.78,313,2.064449891659128,-0.7466345684054688
13882.0,375.49,243,0.2484167099373667,0.5297702072632083
13883.0,661.19,214,0.18606480776516843,0.3685617697848435
13884.0,781.3000000000001,310,0.5768756560674033,0.7178127354982664
13885.0,107.65,1,-0.7307078869578488,-0.3566776853393803
13888.0,605.63,216,0.18416148345160238,0.38588304855706895
13889.0,416.9,1,-0.6772052906270263,-0.4101802816702028
13890.0,908.2,212,0.22109043464150216,0.31811818844985007
13892.0,395.73,23,-0.5960691117246851,-0.3217189615272891
13894.0,150.95,242,0.20571509770063912,0.5647628422706061
13895.0,1655.77,215,0.36198918242254774,0.200346372356794
13899.0,298.5,1,-0.69768938894738,-0.3896961833498491
13900.0,8.5,1,-0.7478615892252733,-0.3395239830719558
13901.0,1561.09,1,-0.47925173946853383,-0.6081338328286953
13904.0,131.52,1,-0.7265781958522167,-0.36080737644501243
13908.0,1439.11,211,0.3090874041286868,0.22241224173333576
13911.0,867.47,125,-0.12129667385957923,-0.010175722000758338
13914.0,308.57,92,-0.34518873861012256,-0.04067990581809755
13917.0,65.38,1,-0.7380209176673197,-0.3493646546299095
13919.0,384.81,33,-0.5594134684298796,-0.2812848325287968
13924.0,362.54,62,-0.451486177570766,-0.16565178373734724
13925.0,285.38,210,0.10562887197397397,0.41816179665871883
13928.0,131.22,1,-0.7266300981283662,-0.36075547416886294
13931.0,1237.53,36,-0.4003229728584187,-0.4172483964122685
13938.0,71.66,1,-0.7369344300199225,-0.3504511422773066
13939.0,172.7,31,-0.6038190849728093,-0.25229717044452676
13940.0,225.24,1,-0.7103639247830988,-0.37702164751413025
13941.0,2047.56,635,2.048657043157233,1.7514489479406123
13947.0,90.6,1,-0.7336576663190146,-0.3537279059782146
13949.0,1359.04,62,-0.2790841169606944,-0.3380538443474187
13950.0,179.30999999999997,1,-0.7183101632615942,-0.36907540903563496
13952.0,1203.33,183,0.16036999401627114,0.1552782894245179
13953.0,911.32,232,0.298719990606755,0.3946681770711925
13954.0,212.51,1,-0.7125663113677112,-0.37481926092951795
13955.0,322.96,36,-0.5585505218520496,-0.25902084741863773
13956.0,330.45,175,-0.021480777585763708,0.2754572431919145
13959.0,337.44,81,-0.3825933843299784,-0.0880740096208691
13962.0,117.6,1,-0.7289864614655556,-0.3583991108316736
13963.0,548.86,264,0.35935529623215134,0.580720142784349
13969.0,3952.28,423,1.561036468273481,0.6047663502064525
13971.0,659.62,327,0.6213503993104509,0.8043906051538248
13975.0,2351.4700000000003,239,0.5748582875652996,0.17249272071795677
13980.0,200.14,1,-0.7147064152209441,-0.372679157076285
13982.0,428.6,1,-0.675181101857194,-0.41220447044003505
13983.0,1266.41,485,1.3353388742434438,1.3084205324549358
13984.0,256.9,329,0.5593857610366317,0.8817731978863036
13985.0,3145.5,245,0.7353584336900325,0.05824643796920246
13989.0,369.41,1,-0.6854214209414993,-0.4019641513557299
13990.0,311.3,1,-0.6954748918316661,-0.39191068046556304
13992.0,76.8,1,-0.7360451710218937,-0.3513404012753355
13993.0,816.2,151,-0.029950068872249498,0.09891108097448584
13994.0,924.21,93,-0.23482385903310493,-0.14333580816578528
13995.0,300.25,92,-0.3466281617353366,-0.039240482692883494
13999.0,1578.07,186,0.23676632307453394,0.1020088920542444
14000.0,635.66,1,-0.6393581508587782,-0.4480274214384509
14001.0,301.24,1,-0.6972153481585475,-0.39017022413868163
14002.0,224.79,1,-0.7104417781973232,-0.37694379409990597
14004.0,957.0,58,-0.3640580417632307,-0.2839158284622016
14005.0,187.16,1,-0.7169520537023477,-0.3704335185948814
14006.0,357.65,1,-0.6874559901665614,-0.3999295821306677
14012.0,328.8,1,-0.692447259056276,-0.39493831324095313
14013.0,118.5,1,-0.728830754637107,-0.3585548176601222
14016.0,963.83,212,0.23071484671549944,0.3084937763758528
14019.0,416.24,1,-0.6773194756345553,-0.41006609666267385
14020.0,331.14,1,-0.6920424213023095,-0.3953431509949196
14021.0,433.0,150,-0.10010106488859967,0.1613530997615063
14023.0,584.07,20,-0.5750483286019954,-0.365866676337968
14024.0,327.7,91,-0.34573359208231813,-0.0478440295752317
14027.0,104.82,1,-0.7311974984295262,-0.35618807386770296
14029.0,302.46,1,-0.6970042789022061,-0.39038129339502314
14030.0,1816.81,453,1.3072186145498659,1.0898535208099613
14031.0,6067.45,627,2.713292603809227,1.0251415694539803
14032.0,1200.58,479,1.3008228530923724,1.2966826902300281
14034.0,334.11,1,-0.691528588768429,-0.3958569835288001
14035.0,300.32,1,-0.6973745151387394,-0.3900110571584897
14037.0,111.8,1,-0.7299899054711134,-0.35739566682611573
14039.0,152.2,1,-0.7230003989496414,-0.36438517334758774
14040.0,2128.37,175,0.28957302353020203,-0.03559655792405107
14044.0,173.74,1,-0.719273815522104,-0.3681117567751251
14045.0,1251.75,504,1.4060378666942352,1.3841921073614096
14047.0,628.77,503,1.2944031114274257,1.48811788539889
14048.0,375.13,1,-0.6844318175429146,-0.40295375475431455
14049.0,226.93,1,-0.7100715419607898,-0.3773140303364394
14050.0,260.38,1,-0.7042844381701155,-0.3831011341271136
14051.0,6825.67,454,2.1776438862125618,0.22713722637659517
14053.0,260.25,123,-0.23405931816733117,0.08716896784833393
14054.0,92.46,1,-0.7333358722068875,-0.3540497000903417
14056.0,3928.57,241,0.8554175305127866,-0.0926485677708707
14057.0,1089.59,251,0.4027973368493191,0.43706139818589423
14060.0,1970.12,596,1.884934279635233,1.6145215995187507
14062.0,1965.5,331,0.862695501696336,0.593881411685259
14064.0,712.97,62,-0.39085912880048257,-0.2262788325076306
14067.0,374.7,91,-0.3376022354855561,-0.055975386171993734
14071.0,175.70000000000002,174,-0.052108190314235504,0.29837567869105647
14073.0,151.04,1,-0.723201087750753,-0.3641844845464762
14075.0,316.78,1,-0.6945268102540011,-0.39285876204322806
14076.0,122.47,1,-0.7281439145160613,-0.35924165778116784
14077.0,227.9,2,-0.7060492359865747,-0.3736273590813246
14078.0,491.46,631,1.7640219823108838,2.0052480998696414
14079.0,375.1,1,-0.6844370077705295,-0.4029485645266996
14080.0,45.599999999999994,1,-0.7414430077414463,-0.3459425645557828
14081.0,924.57,508,1.3648511987842014,1.4562146841887629
14082.0,182.25,1,-0.7178015209553287,-0.3695840513419005
14083.0,811.3,601,1.7037220705498388,1.8342786947507934
14085.0,1338.71,448,1.2052312440528834,1.1532960051602947
14087.0,181.67,1,-0.7179018653558844,-0.3694837069413447
14088.0,12777.66,29,1.5692256537110847,-2.4407598635870795
14092.0,1003.19,483,1.2820908399205033,1.3462506123192168
14096.0,17267.79,243,3.170912774607223,-2.392725857406647
14098.0,147.35,1,-0.7238394857473924,-0.3635460865498368
14099.0,1206.43,186,0.17246978338047775,0.16630543174830056
14102.0,442.75,60,-0.4453182162335791,-0.1872376995331936
14104.0,104.95,1,-0.7311750074431947,-0.35621056485403446
14107.0,1288.15,179,0.15962654310095958,0.1251858314225103
14108.0,302.83,1,-0.696940266094955,-0.39044530620227424
14110.0,2839.65,278,0.8096421874395127,0.23835893278760448
14111.0,142.5,208,0.07320057069048759,0.43517214348354555
14112.0,1310.39,243,0.41016150317806505,0.36802541402251004
14113.0,140.4,161,-0.10832371013180875,0.25437449452734273
14114.0,191.4,1,-0.7162185015327676,-0.37116707076446165
14116.0,1169.82,119,-0.09211476156818563,-0.08561149766813067
14121.0,2226.67,302,0.7960997234109765,0.4369168503200551
14125.0,1111.08,1,-0.5571068837687227,-0.5302786885285062
14127.0,572.11,217,0.18221675774449142,0.3955367514935096
14128.0,331.96,1,-0.6919005550808341,-0.395485017216395
14129.0,519.91,95,-0.2970618492946452,-0.06567986344558555
14132.0,2261.71,273,0.6903817394399617,0.3190744946405066
14133.0,272.34,267,0.3230787040732387,0.6401236666312508
14135.0,3307.25,626,2.231902573101316,1.498822622932561
14138.0,982.38,33,-0.45602932456760126,-0.3846689763910752
14140.0,935.05,60,-0.3601465810721759,-0.27240933469459677
14141.0,414.67,152,-0.09556331673200709,0.17223330606357326
14142.0,311.81,1,-0.6953866579622119,-0.39199891433501727
14145.0,2851.2,60,-0.028638092925674603,-0.603917822841098
14146.0,1225.16,1,-0.5373701782249225,-0.5500153940723066
14149.0,259.43,245,0.2360464266003093,0.5575584450589254
14150.0,352.46000000000004,1,-0.6883538995439485,-0.3990316727532806
14156.0,35969.66,665,8.033072374172102,-4.00169706619436
14159.0,1231.43,148,0.03032440570234092,0.015509674711906184
14161.0,1110.52,449,1.1696071313523326,1.196629095090175
14163.0,909.6,1,-0.5919644524307571,-0.495421119866472
14165.0,122.54,1,-0.7281318039849597,-0.35925376831226946
14167.0,148.35,1,-0.7236664781602272,-0.36371909413700193
14171.0,363.79,1,-0.6863937235813674,-0.40099184871586174
14173.0,114.04,1,-0.7296023684758635,-0.3577832038213657
14174.0,134.46,1,-0.7260695535459512,-0.361316018751278
14175.0,2016.31,1,-0.40049522563921447,-0.6868903466580146
14176.0,159.55,1,-0.7217287931839775,-0.3656567791132516
14177.0,191.33,1,-0.7162306120638691,-0.3711549602333601
14178.0,1243.56,303,0.6298687230077111,0.6108568279526502
14180.0,2032.47,631,2.030628404208251,1.7386416779722744
14184.0,452.89,1,-0.6709787475649526,-0.4164068247322766
14185.0,197.65,1,-0.7151372041129853,-0.3722483681842438
14188.0,1397.96,242,0.4214572889714523,0.349020650999793
14189.0,1970.53,486,1.4610114651328336,1.1904569187948755
14191.0,1584.07,269,0.5577269236147103,0.4208934015484391
14193.0,430.85,1,-0.6747918347860725,-0.41259373751115663
14194.0,1596.71,221,0.3748982860125632,0.23369113214275702
14195.0,828.4,1,-0.6060126685085673,-0.4813729037886619
14199.0,185.4,1,-0.7172565470557585,-0.37012902524147073
14201.0,325.42,182,0.004630414553449817,0.3033088916580094
14204.0,161.03,1,-0.7214727419549731,-0.365912830342256
14208.0,151.74,1,-0.7230799824397374,-0.3643055898574918
14209.0,1017.23,27,-0.4731269418428851,-0.41382522249176995
14210.0,663.6600000000001,546,1.4661823565742074,1.6478246611132874
14211.0,196.79,177,-0.036895994456927775,0.30629041452173816
14212.0,1070.48,1,-0.5641309918076278,-0.5232545804896013
14214.0,761.25,148,-0.05102030163096912,0.09685438204521618
14215.0,342.16,358,0.6859165577436138,0.9788027408298845
14216.0,1046.36,150,0.006014868775016448,0.055237166097890214
14217.0,946.84,445,1.1258712950264815,1.2095290224987072
14219.0,89.94,1,-0.7337718513265437,-0.35361372097068555
14220.0,319.42,1,-0.6940700702238851,-0.39331550207334404
14221.0,1097.85,180,0.13055768787809652,0.16196366387470323
14223.0,686.23,94,-0.2721417160120024,-0.09830897395755812
14224.0,251.02,1,-0.7059037891859813,-0.38148178311124786
14226.0,337.02000000000004,30,-0.5792449668644968,-0.28458026578216894
14227.0,296.38,150,-0.12373736144710241,0.18498939632000902
14229.0,456.97,1,-0.6702728766093188,-0.4171126956879104
14231.0,284.01,214,0.12080980603821728,0.4338167715117946
14232.0,308.3,92,-0.34523545065865713,-0.04063319376956298
14233.0,858.25,306,0.5747706354411021,0.6890818472072485
14234.0,209.48,1,-0.7130905243568216,-0.3742950479404075
14235.0,1538.31,1,-0.483192852304156,-0.6041927199930731
14236.0,189.3,1,-0.7165818174658144,-0.3708037548314148
14237.0,161.0,1,-0.721477932182588,-0.36590764011464105
14239.0,1105.2,176,0.11641133918510081,0.1452741036503798
14240.0,663.49,1,-0.6345433497079721,-0.45284222258925705
14241.0,213.7,1,-0.7123604323389847,-0.3750251399582445
14243.0,1159.31,362,0.8427076620542755,0.8528475454365423
14245.0,688.35,1,-0.6302423810910465,-0.4571431912061827
14246.0,449.64,1,-0.6715410222232393,-0.41584455007398985
14247.0,136.76999999999998,1,-0.7256699060195997,-0.3617156662776295
14250.0,1904.05,269,0.6130858913558148,0.3655344338073345
14251.0,482.28,1,-0.6658940545781689,-0.4214915177190603
14256.0,523.86,1,-0.6587003991038419,-0.4286851731933872
14257.0,2479.58,154,0.2693907573105116,-0.1773028135202859
14258.0,7609.18,160,1.1799774081208523,-1.0416356009546475
14262.0,1124.36,271,0.48590258294834904,0.5081356966734597
14264.0,319.47,540,1.3835079434598456,1.6842452108516712
14270.0,492.65,1,-0.6640999658992662,-0.4232856063979629
14273.0,218.7,152,-0.12946761358876144,0.20613760292032762
14276.0,678.1899999999999,303,0.5320554234521505,0.7086701275082107
14277.0,1637.43,1,-0.4660443402643463,-0.6213412320328828
14282.0,1178.4,395,0.9732085011771995,0.9767429548815009
14284.0,343.15,1,-0.6899646001804561,-0.3974209721167731
14285.0,300.6,1,-0.6973260730143332,-0.39005949928289596
14286.0,2027.34,35,-0.2675343390541768,-0.55774600744584
14287.0,67.95,266,0.28386319471788896,0.6716301987572709
14288.0,413.85,31,-0.5620983053279335,-0.29401795008940257
14289.0,225.78,326,0.5424382990800576,0.8755937281548883
14290.0,728.5,1,-0.6232961264663657,-0.4640894458308634
14291.0,2478.31,211,0.4888768887107102,0.04262275715131241
14292.0,1423.41,309,0.6841110692473528,0.6028683450889875
14293.0,815.1700000000001,385,0.8718220691445534,1.0010396146208493
14297.0,710.1,7,-0.603352534382215,-0.4377791745390353
14298.0,15379.39,244,2.848059735619219,-2.0621638411893133
14299.0,1040.1,484,1.2923310385774338,1.3437193908916159
14304.0,197.1,301,0.44111422611353895,0.7841933703881627
14307.0,1895.36,695,2.25359460527059,2.009050019587041
14309.0,1446.41,302,0.6611088234494968,0.5719077502815346
14311.0,310.26,1,-0.6956548197223178,-0.3917307525749113
14312.0,1047.19,274,0.4841150532908091,0.5330501580189889
14315.0,652.35,212,0.1768264434652986,0.3623821796260536
14317.0,508.58,1,-0.6613439550357254,-0.42604161726150375
14320.0,352.51,1,-0.6883452491645903,-0.3990403231326389
14321.0,326.82,1,-0.692789814078863,-0.3945957582183662
14326.0,183.85,1,-0.7175247088158644,-0.36986086348136477
14329.0,533.17,296,0.47998444285880626,0.7067782674962465
14331.0,79.0,1,-0.7356645543301303,-0.3517210179670988
14332.0,466.3,1,-0.668658715821068,-0.4187268564761612
14333.0,351.45,92,-0.33777017327248093,-0.04809847115573915
14334.0,1017.01,85,-0.24960466386149813,-0.19022682117203019
14335.0,359.25,1,-0.6871791780270972,-0.400206394270132
14336.0,764.45,120,-0.15839235856265735,-0.01162492344432908
14339.0,309.52,1,-0.69578284533682,-0.3916027269604091
14340.0,134.7,1,-0.7260280317250315,-0.36135754057219766
14341.0,688.81,209,0.1715708342493453,0.34451085715401764
14342.0,91.04,1,-0.7335815429806619,-0.35380402931656724
14344.0,604.13,448,1.0781433306731079,1.2803839185400703
14345.0,108.98,1,-0.7304777868669192,-0.35690778543031
14346.0,759.14,1,-0.6179951739956255,-0.46939039830160356
14350.0,282.93,1,-0.7003831170795414,-0.3870024552176878
14352.0,464.94000000000005,179,0.017204967270736764,0.267607407252733
14353.0,90.6,1,-0.7336576663190146,-0.3537279059782146
14354.0,163.62,152,-0.13899687148981787,0.21566686082138406
14355.0,174.4,1,-0.7191596305145751,-0.36822594178265405
14360.0,2128.23,153,0.2047500529453715,-0.12037108638447547
14364.0,1763.8,213,0.372970214834669,0.17394738548601316
14367.0,4752.7,299,1.2215586129737646,-0.011668970930721986
14375.0,257.68,1,-0.7047515586554615,-0.38263401364176775
14377.0,302.45,1,-0.6970060089780776,-0.39037956331915147
14383.0,1005.6,149,-0.004891409092499977,0.05843446673607676
14387.0,840.82,1,-0.6038639142759761,-0.483521658021253
14388.0,2241.12,603,1.958800756059643,1.5946179636996496
14389.0,1012.26,299,0.5744341136377527,0.6354555284052897
14390.0,1061.51,661,1.9782796158143239,2.0222597832460947
14393.0,67.95,1,-0.7375762881683052,-0.34980928412892387
14395.0,2125.28,604,1.942614045777097,1.6185136512115252
14396.0,487.99,424,0.9655425027477901,1.2079692929614734
14397.0,1372.57,241,0.41321013771866427,0.34955882502325136
14401.0,1706.64,272,0.5904959294175373,0.4112513274336012
14403.0,1180.01,148,0.02142835557030892,0.02440572484393818
14404.0,260.28,394,0.8105122866344674,1.131730192194903
14406.0,156.75,1,-0.72221321442804,-0.36517235786918917
14407.0,344.43,60,-0.46232832220365655,-0.17022759356311612
14408.0,1459.14,152,0.08513791783437673,-0.008467928502810446
14409.0,368.4,452,1.0527782066093265,1.3365849515211705
14410.0,303.21999999999997,127,-0.21120722768818512,0.09515278628650706
14411.0,1063.0,1,-0.5654250885596231,-0.521960483737606
14413.0,122.7,1,-0.7281041227710133,-0.3592814495262158
14414.0,359.9,242,0.2418650330387971,0.5286129069324481
14415.0,3222.53,271,0.848901912110651,0.1451363675111579
14418.0,897.35,1,-0.5940837953735302,-0.4933017769236989
14419.0,607.66,363,0.7511225152092855,0.9521416695108618
14420.0,387.52,1,-0.6822882535379384,-0.4050973187592908
14421.0,455.18,1,-0.6705825601903443,-0.41680301210688475
14422.0,382.01,1,-0.6832415253432184,-0.4041440469540108
14423.0,265.2,1,-0.7034505415999796,-0.38393503069724966
14426.0,1690.38,204,0.3255776002530198,0.15195920500369434
14427.0,321.74,1,-0.693668692621662,-0.39371687967556723
14428.0,710.71,27,-0.5261572274607467,-0.36079493687390835
14431.0,470.36,1,-0.6679563050171774,-0.4194292672800517
14432.0,671.28,302,0.5270054524101745,0.706011121320857
14434.0,552.0,241,0.2712453019185575,0.4915236608233581
14436.0,89.06,1,-0.733924098003249,-0.3534614742939802
14437.0,63.0,1,-0.7384326757247727,-0.34895289657245643
14438.0,131.9,1,-0.726512452969094,-0.3608731193281352
14440.0,1273.95,122,-0.06253601567268385,-0.09206331187564297
14441.0,583.01,415,0.9472912861482388,1.156839714497057
14443.0,589.08,504,1.2913909289075056,1.4988390451481393
14446.0,657.4,129,-0.14222242323670276,0.041585936293684116
14447.0,265.0,1,-0.7034851431174125,-0.38390042917981665
14448.0,102.35,1,-0.7316248271698241,-0.355760745127405
14449.0,714.7,506,1.3208331192365215,1.4848148092777829
14450.0,322.22,62,-0.4584618434852648,-0.1586761178228484
14451.0,302.59,1,-0.6969817879158745,-0.3904037843813546
14452.0,127.37,1,-0.7272961773389521,-0.3600893949582771
14453.0,119.93,1,-0.7285833537874608,-0.3588022185097684
14456.0,1462.1,211,0.31306484855761363,0.21843479730440896
14457.0,113.64,1,-0.7296715715107296,-0.3577140007864996
14459.0,1837.92,1,-0.4313580491136055,-0.6560275231836236
14462.0,1413.7,220,0.33938167887080434,0.26149876205518613
14463.0,220.2,1,-0.7112358830224113,-0.3761496892748179
14465.0,1058.62,89,-0.22698786370089677,-0.18200771241531255
14466.0,1832.45,606,1.8996612112568556,1.6768844401904255
14472.0,651.16,153,-0.05079426382865602,0.13517323038955192
14473.0,85.0,1,-0.7346265088071394,-0.35275906349008973
14475.0,595.64,118,-0.19530674658133607,0.00987151011569003
14477.0,358.0,1,-0.6873954375110536,-0.39999013478617557
14479.0,174.4,1,-0.7191596305145751,-0.36822594178265405
14482.0,827.27,244,0.3304325662815029,0.45546332814840207
14483.0,137.1,1,-0.7256128135158352,-0.36177275878139403
14485.0,165.75,1,-0.7206561461435537,-0.36672942615367554
14487.0,542.5699999999999,515,1.3257437207897684,1.5492850027885043
14488.0,1064.28,1,-0.5652036388480518,-0.5221819334491773
14491.0,127.2,1,-0.7273255886287702,-0.360059983668459
14493.0,1585.89,212,0.3383359463874524,0.2008726767038999
14495.0,40.599999999999994,1,-0.742308045677272,-0.34507752661995705
14496.0,538.8100000000001,354,0.7045205453009812,0.9293628443551986
14497.0,457.47,244,0.2664543605478306,0.5194415338820744
14498.0,147.02,1,-0.7238965782511568,-0.3634889940460723
14499.0,126.02,1,-0.727529737581625,-0.3598558347156042
14500.0,305.85,278,0.37127556308045656,0.6767255571466603
14501.0,123.38,87,-0.39650045675056106,-0.027913073824307952
14502.0,922.13,120,-0.13111252221845657,-0.03890475978852986
14503.0,770.87,119,-0.16113613846772207,-0.016590120768594268
14504.0,408.15,123,-0.20847149602560552,0.061581145706608324
14505.0,2917.04,296,0.8924120396741915,0.29435067068086157
14506.0,1250.45,333,0.7466954037232255,0.7252994641170287
14507.0,600.31,1,-0.6454739690650663,-0.4419116032321629
14508.0,137.56,1,-0.7255332300257392,-0.36185234227149
14511.0,827.93,179,0.08000499133581442,0.20480738318765546
14512.0,148.95999999999998,1,-0.7235609435320565,-0.36382462876517263
14514.0,907.49,81,-0.28397040926648487,-0.18669698468436258
14515.0,1349.07,118,-0.0649576401834974,-0.12047759628214856
14517.0,78.0,1,-0.7358375619172955,-0.35154801037993366
14518.0,174.37,1,-0.71916482074219,-0.36822075155503914
14520.0,105.6,1,-0.7310625525115374,-0.35632301978569175
14522.0,482.07,1,-0.6659303861714735,-0.4214551861257556
14524.0,321.95,160,-0.08076867129664071,0.219110478462845
14525.0,1410.28,300,0.6471490820958903,0.5704495371764818
14527.0,3195.37,696,2.4823606872758206,1.7879929148111398
14528.0,364.22,1,-0.6863193303188864,-0.4010662419783428
14529.0,261.62,1,-0.7040699087620307,-0.3833156635351984
14530.0,1399.21,123,-0.03701059668971238,-0.10987975362928476
14533.0,924.98,272,0.4552628188340263,0.546484438017112
14534.0,2108.92,212,0.42882410470244053,0.11038451838891179
14535.0,2841.09,216,0.5709130242558077,-0.0008684922471361501
14538.0,281.75,1,-0.7005872660323963,-0.3867983062648329
14540.0,195.9,1,-0.7154399673905244,-0.3719456049067048
14541.0,319.1,95,-0.33180350287327887,-0.03093820986695188
14542.0,103.25,1,-0.7314691203413755,-0.3559164519558537
14543.0,1327.73,395,0.9990437241685712,0.9509077318901291
14546.0,1028.91,30,-0.4595427473808015,-0.40428248526586424
14547.0,957.6,30,-0.4718799184215483,-0.3919453142251174
14548.0,326.4,1,-0.6928624772654723,-0.39452309503175675
14549.0,289.24,1,-0.6992914392045293,-0.38809413309269986
14552.0,165.07,1,-0.7207737913028259,-0.3666117809944032
14553.0,717.79,70,-0.35918932331302744,-0.19627682016044745
14555.0,197.94,1,-0.7150870319127074,-0.3722985403845217
14560.0,1027.95,281,0.5077678076164058,0.5633602442987006
14561.0,222.07,1,-0.7109123588344124,-0.37647321346281676
14562.0,1887.61,272,0.6218051124668142,0.37994214438432417
14565.0,523.95,1,-0.6586848284209971,-0.4287007438762321
14567.0,794.86,93,-0.2572023904329171,-0.12095727676597319
14569.0,227.39,1,-0.7099919584706939,-0.37739361382653536
14570.0,218.06,1,-0.7116061192589447,-0.37577945303828447
14572.0,135.05,1,-0.7259674790695237,-0.3614180932277054
14573.0,1016.47,630,1.8509982070337943,1.9105628979174016
14576.0,35.400000000000006,1,-0.7432076851305309,-0.3441778871666983
14577.0,346.90000000000003,1,-0.6893158217285867,-0.39806975056864236
14578.0,168.63,1,-0.720157884292518,-0.3672276880047112
14583.0,404.73,85,-0.3555337493309759,-0.08429773570255247
14584.0,354.01,1,-0.6880857377838425,-0.3992998345133866
14586.0,237.36,1,-0.7082670728266572,-0.3791184994705719
14587.0,1290.57,333,0.7536364681202913,0.718358399719963
14589.0,39.75,1,-0.7424551021263625,-0.3449304701708667
14591.0,250.22,1,-0.7060421952557134,-0.3813433770415157
14592.0,425.25,60,-0.4483458490089692,-0.1842100667578035
14594.0,379.83,395,0.835049832294726,1.1149016237639744
14595.0,141.75,1,-0.7248083282355172,-0.362577244061712
14597.0,165.1,1,-0.7207686010752109,-0.3666169712220182
14600.0,393.33,1,-0.6812830794565089,-0.40610249284072025
14603.0,660.0,1,-0.6351471461871785,-0.45223842611005066
14606.0,4698.49,691,2.7231394086221763,1.5086693073181359
14607.0,1000.0,1,-0.5763245665510276,-0.5110610057462015
14608.0,1198.2,303,0.6220210988539,0.6187044521064613
14616.0,158.4,1,-0.7219277519092174,-0.36545782038801167
14618.0,196.95,292,0.4063978774434802,0.7495289239942535
14619.0,394.44,1,-0.6810910410347555,-0.4062945312624736
14620.0,235.35,1,-0.7086148180768592,-0.37877075422036993
14621.0,1460.06,155,0.09686055065856326,0.0029363703609922736
14622.0,320.58000000000004,1,-0.6938693814227734,-0.39351619087445566
14623.0,367.52,35,-0.5546957923826353,-0.2705845541173816
14624.0,210.25,1,-0.7129573085147045,-0.3744282637825247
14626.0,1591.35,239,0.443351760409326,0.3039992478739302
14628.0,671.96,55,-0.4249355902527795,-0.24616521166064195
14629.0,334.38,31,-0.575847218279948,-0.2802690371373881
14636.0,309.66,1,-0.6957586242746169,-0.3916269480226122
14639.0,732.9,277,0.44130396456466886,0.5989881784331184
14640.0,802.3100000000001,216,0.21818861569524398,0.35185591631342733
14642.0,96.12,1,-0.732702664437863,-0.3546829078593662
14644.0,603.91,214,0.17615493317234865,0.3784716443776633
14645.0,597.09,88,-0.31069054401989316,-0.10601400932564603
14646.0,87572.39,336,15.692609428382031,-14.19748762885378
14649.0,1098.21,177,0.11905650476548137,0.15033791529932913
14651.0,654.6,270,0.4007760501869834,0.5855532522054954
14653.0,1229.72,154,0.05315549441627778,0.038932449373947874
14655.0,1171.39,157,0.05462742770092935,0.060587447777285745
14656.0,133.11,1,-0.7263031137886241,-0.36108245850860504
14657.0,212.91000000000005,154,-0.12276035028911796,0.21484829407934353
14658.0,124.01,1,-0.727877482831827,-0.3595080894654022
14659.0,840.8199999999999,143,-0.0565265309935626,0.06381572526116082
14662.0,514.82,68,-0.40201365050926763,-0.16887044742286686
14664.0,389.04,1,-0.6820252820054474,-0.4053602902917818
14665.0,921.12,280,0.485430918464888,0.5779881562208886
14667.0,4825.7,477,1.9202871402471697,0.6618004486165717
14669.0,1269.99,32,-0.4101251010376974,-0.43828217715030865
14670.0,411.53,1,-0.6781343413701031,-0.409251230927126
14672.0,285.28000000000003,1,-0.6999765492497033,-0.3874090230475259
14673.0,1044.94,335,0.7188495917142456,0.7685632305846686
14676.0,928.6,302,0.5715237647395107,0.6614928089915207
14680.0,13360.68,574,3.770788832172472,-0.440930452063742
14681.0,393.95,1,-0.6811758147524665,-0.4062097575447627
14682.0,31.200000000000003,1,-0.7439343169966245,-0.34345125530060466
14684.0,519.26,236,0.24630859044144612,0.4779154861538207
14688.0,2803.06,696,2.414488080755061,1.8558655213318995
14690.0,203.62,1,-0.7141043488176094,-0.37328122347961973
14691.0,1619.94,209,0.33266338888643104,0.18341830251693197
14696.0,1457.47,694,2.173981824312178,2.0809538233161233
14697.0,188.61,1,-0.7167011927009583,-0.3706843795962709
14698.0,157.16,1,-0.7221422813173023,-0.3652432909799269
14699.0,109.13,1,-0.7304518357288444,-0.35693373656838473
14700.0,1513.75,127,-0.0017763531971565626,-0.11427808820452141
14701.0,528.89,1,-0.6578301709404012,-0.4295554013568279
14702.0,1624.71,353,0.8885349955889521,0.7376394168378976
14704.0,110.12,1,-0.7302805582175509,-0.35710501407967826
14708.0,1126.37,421,1.0644236203982833,1.0859612436229904
14709.0,2611.89,245,0.6430398551028371,0.15056501655639784
14710.0,172.91,1,-0.7194174118194512,-0.36796816047777803
14711.0,934.31,187,0.12924544737576216,0.217238744982346
14712.0,495.6,1,-0.663589593517129,-0.4237959787801001
14713.0,1906.8,393,1.0915182504389644,0.843015251161076
14715.0,485.25,175,0.00530079690740147,0.2486756686987494
14719.0,937.15,189,0.1374457661526409,0.22445638066412665
14720.0,663.81,211,0.17495462179954638,0.3565450240624761
14723.0,419.39,364,0.7224048653883678,0.9885682965611096
14727.0,268.58,1,-0.7028657759553613,-0.38451979634186784
14729.0,313.49,1,-0.6950960052157744,-0.39228956708145474
14730.0,1378.02,94,-0.15245679728702352,-0.21799389268253688
14731.0,127.66,1,-0.7272460051386742,-0.360139567158555
14732.0,2367.39,340,0.9669159184341221,0.559041790011441
14733.0,3804.61,477,1.7436308230687072,0.8384567657950341
14735.0,549.19,153,-0.06843584749188632,0.15281481405278222
14737.0,730.55,96,-0.2567650425195132,-0.0982676929913878
14738.0,625.77,330,0.6270575583289053,0.8218103778233599
14739.0,3389.14,364,1.2361941473720706,0.47477901457740684
14740.0,496.1,3,-0.6557941124942167,-0.4161735053443529
14741.0,184.5,1,-0.717412253884207,-0.36997331841302206
14744.0,305.8,454,1.049656908882118,1.3551242037070386
14745.0,287.96999999999997,63,-0.4605328647310063,-0.1488961193477771
14747.0,294.3,60,-0.4710011925482455,-0.16155472321852715
14748.0,1311.79,537,1.5436233665115722,1.5010028561119555
14755.0,488.46,1,-0.6648248676894882,-0.4225607046077409
14759.0,755.12,1,-0.6186906644960294,-0.4686949078011997
14761.0,255.9,100,-0.3234651393087919,-0.0007316872847900015
14765.0,158.61,1,-0.7218914203159128,-0.3654941519813164
14766.0,909.77,600,1.7169036390433263,1.8133881490279764
14768.0,133.20000000000002,1,-0.7262875431057793,-0.3610980291914499
14769.0,341.96999999999997,1,-0.6901687491333109,-0.3972168231639182
14775.0,717.0,665,1.934094726418718,2.09728058155902
14776.0,214.56,1,-0.7122116458140226,-0.37517392648320647
14778.0,730.86,6,-0.6036153854873315,-0.4452253006632488
14779.0,38.0,1,-0.7427578654039014,-0.34462770689332767
14788.0,310.99,1,-0.6955285241836873,-0.39185704811354183
14789.0,197.64,1,-0.715138934188857,-0.37224663810837216
14790.0,428.62,27,-0.5749609377241638,-0.31199122661049133
14794.0,531.11,61,-0.4261767772170016,-0.19867016132044132
14796.0,3503.49,452,1.5951725630549154,0.7941905950755819
14798.0,75.68,1,-0.7362389395195187,-0.3511466327777105
14800.0,2672.29,546,1.8136905863817419,1.3003164313057531
14801.0,193.14,1,-0.7159174683311001,-0.371468103966129
14803.0,188.64,1,-0.7166960024733433,-0.3706895698238858
14804.0,353.27,1,-0.6882137633983447,-0.3991718088988844
14808.0,301.11,1,-0.697237839144879,-0.39014773315235013
14810.0,463.64,476,1.1617631759628926,1.4126154356715188
14813.0,155.43,1,-0.7224415844430979,-0.36494398785413124
14815.0,778.5,1,-0.6146457471081083,-0.4727398251891209
14817.0,580.79,1,-0.6488510771665299,-0.4385344951306992
14819.0,187.35,1,-0.7169191822607864,-0.37046639003644277
14820.0,139.1,1,-0.7252667983415049,-0.36211877395572434
14821.0,48.8,1,-0.7408893834625179,-0.3464961888347113
14823.0,110.78,1,-0.7301663732100219,-0.3572191990872073
14824.0,497.41,89,-0.32408145169385033,-0.08491412442235904
14825.0,976.08,515,1.4007442399017325,1.4742844836765403
14828.0,582.0,1,-0.6486417379860601,-0.43874383431116903
14829.0,549.1899999999999,606,1.6776474949513058,1.8988981564959753
14834.0,522.05,243,0.27377270191229097,0.504414215288284
14836.0,79.05,61,-0.504386587070879,-0.12046035146656389
14837.0,295.64,60,-0.47076936238144423,-0.16178655338532846
14841.0,1169.69,37,-0.4082053189570375,-0.4016570730843198
14842.0,1543.53,269,0.5507131960310352,0.4279071291321142
14844.0,2521.01,147,0.24957704134410974,-0.21145193815919222
14849.0,4256.8,694,2.6582871532911962,1.5966484943371055
14850.0,278.15,174,-0.03438356300916593,0.2806510513859869
14852.0,1692.88,339,0.8463660822006922,0.6718826490155412
14853.0,201.75,327,0.5421354153751439,0.8836055890891318
14854.0,655.36,271,0.4047620245678939,0.5892762550539148
14855.0,339.3,1,-0.690630679391042,-0.3967548929061872
14856.0,308.11,1,-0.6960267860347229,-0.39135878626250625
14857.0,643.13,274,0.4142096076208588,0.6029556036889393
14863.0,266.76,1,-0.7031806497640019,-0.3842049225332273
14865.0,52.2,364,0.6588782094571966,1.0520949524922807
14866.0,6181.32,454,2.0661664474226975,0.33861466516645944
14867.0,701.33,388,0.8636903512656671,1.0322982641877243
14868.0,1806.42,305,0.7349567507488172,0.5211867546702039
14869.0,330.64,150,-0.11781012151082441,0.17906215638373102
14871.0,167.63,1,-0.7203308918796831,-0.367054680417546
14878.0,254.01,269,0.3276164522298314,0.6510038729333179
14880.0,234.07,1,-0.7088362677884306,-0.3785493045087986
14882.0,247.9,1,-0.7064435728579366,-0.3809419994392926
14883.0,305.61,177,-0.018069308821616177,0.28746372888642663
14886.0,364.8,1,-0.6862189859183305,-0.40116658637889857
14889.0,135.9,1,-0.7258204226204333,-0.3615651496767958
14891.0,449.38,1,-0.6715860041959023,-0.41579956810132684
14895.0,4899.95,241,1.0234736405332696,-0.2607046777913537
14896.0,257.22,1,-0.7048311421455574,-0.38255443015167173
14897.0,789.96,300,0.5398290156256047,0.6777696036467673
14898.0,239.25,568,1.4775549560280743,1.8060495607046765
14901.0,777.71,665,1.9445980170355144,2.0867772909422238
14903.0,1677.6,243,0.4736916192609796,0.3044952979395955
14904.0,628.48,1,-0.640600345334624,-0.44678522696260514
14905.0,291.35,92,-0.34816792926110646,-0.03770071516711368
14907.0,2173.85,487,1.500041856369917,1.1591355047871224
14910.0,212.44,30,-0.6007982520735311,-0.26302698057313456
14911.0,50192.35,697,10.617049289739276,-6.338986710422983
14912.0,482.79,1,-0.6658058207087146,-0.4215797515885145
14913.0,926.56,206,0.20113992225386498,0.29181483746150866
14915.0,307.48,68,-0.4378850436320898,-0.13299905430004474
14916.0,266.48,1,-0.7032290918884081,-0.38415648040882105
14918.0,765.4200000000001,1,-0.6169086863482284,-0.4704768859490007
14920.0,977.77,1,-0.5801705252137088,-0.5072150470835203
14921.0,413.06,1,-0.6778696397617405,-0.4095159325354886
14924.0,310.05,1,-0.6956911513156225,-0.3916944209816066
14929.0,223.88,1,-0.7105992151016435,-0.3767863571955857
14930.0,1104.13,1,-0.5583092864995205,-0.5290762857977086
14931.0,198.4,1,-0.7150074484226114,-0.37237812387461766
14932.0,363.53,1,-0.6864387055540303,-0.4009468667431988
14934.0,828.84,1,-0.6059365451702146,-0.48144902712701454
14936.0,4640.5,116,0.49677574521016105,-0.6976289361344664
14937.0,759.56,1,-0.6179225108090162,-0.46946306148821293
14944.0,2694.24,127,0.20245737337543082,-0.31851181477710866
14947.0,178.5,1,-0.718450299407198,-0.3689352728900312
14948.0,325.36,182,0.004620034098219903,0.30331927211323934
14952.0,3588.62,484,1.7332443346195607,0.9028060948494891
14958.0,392.28,28,-0.5773935448270804,-0.3018496422782449
14959.0,391.37,152,-0.09959439351295508,0.17626438284452128
14960.0,132.97,1,-0.7263273348508272,-0.3610582374464019
14961.0,2049.02,212,0.4184609502312481,0.12074767286010425
14963.0,604.59,86,-0.3171019643454842,-0.11502054345871437
14964.0,206.21,1,-0.7136562591668517,-0.3737293131303775
14965.0,599.0,1,-0.6457006090042525,-0.4416849632929765
14968.0,147.59,1,-0.7237979639264727,-0.36358760837075643
14970.0,917.06,37,-0.4519122257025693,-0.357950166338788
14971.0,500.21,1,-0.6627920285402977,-0.4245935437569314
14972.0,114.77,1,-0.7294760729372329,-0.3579094993599962
14974.0,114.39,1,-0.7295418158203557,-0.35784375647687344
14976.0,115.57,1,-0.7293376668675008,-0.3580479054297283
14981.0,102.12,1,-0.7316646189148721,-0.35572095338235704
14984.0,110.18,1,-0.730270177762321,-0.3571153945349082
14987.0,163.2,1,-0.7210973154908248,-0.3662882568064044
14988.0,334.54,1,-0.691454195505948,-0.39593137679128115
14995.0,233.23,82,-0.3967680163737938,-0.06619040034772403
14997.0,273.18,29,-0.5941442598437849,-0.27738995003221073
14998.0,183.64,1,-0.7175610404091691,-0.3698245318880601
15002.0,893.15,292,0.5268457596278574,0.6290810418098765
15005.0,2354.99,384,1.1343681233985288,0.7307845831375438
15007.0,156.91,1,-0.7221855332140935,-0.3652000390831356
15010.0,308.94,1,-0.6958831897373758,-0.39150238255985326
15012.0,191.06,1,-0.7162773241124036,-0.37110824818482546
15017.0,125.58,1,-0.7276058609199777,-0.35977971137725145
15018.0,456.26,296,0.46667842932993464,0.7200842810251181
15021.0,902.19,330,0.6748803155730959,0.7739876205791691
15023.0,3338.65,448,1.5512360379279526,0.8072912112852257
15024.0,1072.12,486,1.3055797187477916,1.3458886651799173
15025.0,377.01,1,-0.6841065632790441,-0.40327900901818503
15026.0,108.98,1,-0.7304777868669192,-0.35690778543031
15027.0,411.9,158,-0.07291561606046527,0.19583946876801003
15028.0,300.67,214,0.12369211244038866,0.43093446510962324
15031.0,557.18,220,0.19119722031211045,0.40968322061388
15032.0,2770.6,1,-0.26999733271641374,-0.8173882395808153
15033.0,364.69,154,-0.09650125870919156,0.18858920249941716
15034.0,1630.96,193,0.2728981146623529,0.11983994107173383
15035.0,252.73,1,-0.7056079462119289,-0.38177762608530025
15038.0,705.49,577,1.5929084109999372,1.7600769007967807
15039.0,8497.41,475,2.547811850887992,0.01885778351709075
15043.0,537.0,1,-0.6564270794084919,-0.4309584928887373
15044.0,2597.09,356,1.0683275790405948,0.5809737650742443
15045.0,244.76,307,0.4724866994058193,0.799074760471861
15046.0,2622.5,242,0.6333119997586646,0.13716594021258088
15048.0,315.97,332,0.5811687850544718,0.883117105556453
15049.0,121.17000000000002,1,-0.728368824379376,-0.35901674791785315
15051.0,377.74,1,-0.6839802677404135,-0.40340530455681556
15053.0,697.79,96,-0.26243277107504354,-0.09259996443585748
15057.0,358.5,1,-0.687308933717471,-0.4000766385797581
15058.0,767.59,88,-0.28119275040823516,-0.13551180293730403
15059.0,381.89,26,-0.5869000708870561,-0.30776107067692876
15060.0,16.61,1,-0.746458497693364,-0.3409270746038651
15061.0,31739.1,660,7.281880953141381,-3.289050531310289
15062.0,353.06,1,-0.6882500949916495,-0.3991354773055797
15063.0,370.7999999999999,1,-0.6851809403953397,-0.40220463190188943
15065.0,299.38,1,-0.6975371422706746,-0.38984843002655445
15067.0,848.05,1,-0.6026130694207721,-0.484772502876457
15070.0,106.2,1,-0.7309587479592383,-0.3564268243379909
15071.0,982.07,55,-0.37128420739699497,-0.2998165945164265
15073.0,430.98,30,-0.5629891739744592,-0.30083605867220636
15078.0,3225.9100000000003,452,1.5471491170096132,0.8422140411208839
15079.0,528.32,419,0.9532474556648362,1.1817194538977784
15081.0,191.45,301,0.44013673324605584,0.7851708632556459
15087.0,306.94,1,-0.6962292049117061,-0.391156367385523
15088.0,864.19,1,-0.5998207269639265,-0.4875648453333026
15089.0,1580.61,93,-0.12126167881790077,-0.25689798838098943
15090.0,381.32,1,-0.6833609005783623,-0.4040246717188668
15091.0,480.71,1,-0.6661656764900181,-0.42121989580721103
15092.0,457.81,214,0.15087852468752028,0.40374805286249166
15093.0,1840.35,597,1.8663375736634766,1.6408272827198371
15097.0,248.08,1,-0.7064124314922469,-0.3809731408049823
15098.0,649.5,1,-0.6369637258524125,-0.4504218464448166
15100.0,744.5999999999999,627,1.7923991684672105,1.9460350047959962
15101.0,207.75,140,-0.1776159100441985,0.1617781726238074
15103.0,411.68,1,-0.6781083902320284,-0.40927718206520075
15104.0,374.64,1,-0.6845165912606256,-0.4028689810366036
15105.0,541.03,1,-0.6557298588322164,-0.4316557134650128
15106.0,637.38,208,0.15881856542677683,0.3495541487472564
15107.0,235.0,626,1.7003800134331852,2.0303451826006915
15108.0,423.55,152,-0.09402700935798057,0.17069699868954677
15109.0,484.95,1,-0.6654321243204379,-0.42195344797679124
15110.0,181.05,179,-0.03191015664957755,0.31672253117304733
15111.0,1567.48,606,1.853819390885706,1.7227262605615752
15114.0,1860.49,149,0.14301104709911475,-0.0894679894555379
15117.0,675.73,94,-0.27395829567723645,-0.09649239429232405
15119.0,266.4,1,-0.7032429324953813,-0.3841426398018478
15123.0,1129.84,1,-0.5538612614335046,-0.5335243108637245
15124.0,90.75,1,-0.7336317151809398,-0.3537538571162893
15125.0,155.52999999999997,274,0.3298511081191318,0.6873141031906662
15127.0,406.53,1,-0.6789993793059289,-0.40838619299130025
15128.0,1096.6,188,0.1611773373114591,0.19301583227597874
15129.0,509.7,3,-0.6534412093087707,-0.4185264085297989
15133.0,657.72,207,0.15848305113505104,0.3421806858096523
15134.0,505.27,179,0.024182363261107242,0.26063001126236257
15136.0,835.55,244,0.3318650691032303,0.45403082532667466
15139.0,122.1,1,-0.7282079273233124,-0.35917764497391674
15144.0,2973.5,332,1.0409416381734715,0.42334425243745316
15145.0,580.59,8,-0.6219042583813088,-0.411518473310612
15150.0,2067.45,124,0.08245448197219198,-0.22163585506185932
15152.0,2079.93,215,0.43537208059451754,0.12696347418482426
15153.0,329.25,1,-0.6923694056420516,-0.39501616665517747
15156.0,961.49,92,-0.23222862479825307,-0.15364001962996696
15157.0,814.28,57,-0.3926041732181057,-0.2630786742366563
15159.0,6635.55,243,1.331454586046433,-0.5532676688458577
15164.0,648.26,50,-0.448308313141918,-0.2613373749181524
15165.0,487.75,1,-0.6649477030763755,-0.4224378692208537
15171.0,1289.5,1,-0.5262388700667168,-0.5611467022305123
15172.0,376.1,1,-0.6842640001833644,-0.40312157211386473
15179.0,85.5,83,-0.41847193861103643,-0.03677750088115162
15180.0,87.5,1,-0.7341939898392266,-0.3531915824580026
15181.0,249.52999999999997,210,0.09942654997410333,0.4243641186585894
15182.0,252.37,1,-0.7056702289433083,-0.38171534335392077
15184.0,406.76,247,0.26924461164668045,0.5397782144712137
15187.0,1925.02,297,0.7246395416692847,0.46983214591509803
15189.0,5977.63,329,1.5491154551599176,-0.10795649623698203
15192.0,1044.32,451,1.1658630063113293,1.2157911745898375
15193.0,499.32,1,-0.6629460052928746,-0.4244395670043545
15194.0,4184.38,541,2.0560211857849686,1.019440945755878
15195.0,3861.0,1,-0.08134985967153469,-1.0060357126256942
15198.0,193.64,31,-0.6001963060975711,-0.25591994931976497
15199.0,964.65,222,0.26940159908362366,0.3468967963010262
15201.0,601.9300000000001,152,-0.06316591595946117,0.13983590529102738
15203.0,211.94,1,-0.7126649256923954,-0.3747206466048338
15205.0,476.2999999999999,1,-0.6669286399494164,-0.4204569323478127
15206.0,201.3,236,0.19129909802641518,0.5329249785688516
15208.0,544.1,122,-0.18880560316516828,0.034206275616841406
15211.0,894.4100000000001,392,0.9125126106541739,1.014311913716537
15212.0,101.8,1,-0.731719981342765,-0.3556655909544642
15214.0,1068.19,296,0.5725469621439047,0.6142157482111482
15215.0,300.04,1,-0.6974229572631456,-0.38996261503408347
15218.0,647.75,1,-0.6372664891299515,-0.4501190831672776
15220.0,316.11,1,-0.6946427253374018,-0.3927428469598274
15221.0,114.1,92,-0.37883352408612925,-0.00703512034209092
15226.0,154.41,1,-0.7226180521820064,-0.36476752011522273
15227.0,594.33,146,-0.08760770530990566,0.11802383126549314
15228.0,2123.51,180,0.3080046497299039,-0.015483297977104092
15234.0,197.0,1,-0.7152496590446427,-0.37213591325258644
15235.0,1121.97,537,1.5107830663158834,1.533843156307644
15237.0,83.6,1,-0.7348687194291706,-0.3525168528680585
15238.0,1071.99,154,0.025867007692718724,0.06622093609750691
15240.0,1024.38,632,1.8600756742776006,1.916903385132255
15241.0,1101.86,245,0.38179320825584623,0.41181166340338854
15244.0,631.57,5,-0.624647797431624,-0.4319018659482859
15245.0,486.24,1,-0.6652089445329948,-0.4221766277642343
15247.0,356.0,1,-0.6877414526853839,-0.3996441196118452
15249.0,3627.84,244,0.814952424668606,-0.02905653023870064
15251.0,6330.82,242,1.2748794953949318,-0.5044015554236864
15252.0,740.78,179,0.06492738011437163,0.21988499440909823
15253.0,466.75,1,-0.6685808624068436,-0.41880470989038554
15254.0,300.36,1,-0.6973675948352528,-0.39001797746197636
15255.0,890.85,1,-0.5952083446901036,-0.49217722760712546
15257.0,232.15,59,-0.4856081027052245,-0.15465679029087803
15258.0,315.66,1,-0.6947205787516261,-0.3926649935456031
15260.0,808.38,478,1.2291147887915361,1.3606817773015352
15264.0,393.74,1,-0.6812121463457711,-0.406173425951458
15265.0,793.88,1,-0.6119848904175083,-0.4754006818797209
15266.0,119.3,1,-0.7286923485673749,-0.35869322372985435
15267.0,1527.76,155,0.10857316430964391,-0.008776243290088364
15270.0,972.1,273,0.46726942495591306,0.5421868091245551
15271.0,1307.41,450,1.207525083803944,1.1664201198678936
15274.0,332.58000000000004,1,-0.6917932903767917,-0.39559228192043744
15275.0,609.19,181,0.04987028894863939,0.25036004003349
15276.0,135.31,1,-0.7259224970968607,-0.3614630752003684
15281.0,971.49,281,0.4979997992450615,0.573128252670045
15288.0,548.01,297,0.486406364067002,0.7080653235173806
15289.0,617.25,190,0.08595512763317448,0.2836559964129229
15290.0,3065.01,211,0.5903804401005036,-0.058880794238480895
15291.0,3157.42,693,2.464231583498909,1.7829950869000628
15296.0,878.26,60,-0.3699716819472848,-0.2625842338194879
15297.0,380.26,93,-0.32893133607158814,-0.04922833112730221
15298.0,2145.34,361,1.0094438446120628,0.6784023856494249
15299.0,2593.1,627,2.1122036933419897,1.6262304799212175
15300.0,496.44,1,-0.6634442671439104,-0.4239413051533188
15301.0,1310.38,328,0.7377913053487086,0.695658676344897
15304.0,386.55,484,1.1792619299856502,1.4567884994833993
15306.0,829.73,59,-0.3822222287670744,-0.2580426642290281
15307.0,205.3,1,-0.713813696071172,-0.3735718762260572
15308.0,310.47,1,-0.6956184881290132,-0.391767084168216
15311.0,31675.33,697,7.413464338050461,-3.135401758734168
15312.0,318.15999999999997,1,-0.6942880597837132,-0.393097512513516
15315.0,336.96,1,-0.6910355171450083,-0.39635005515222077
15318.0,312.62,1,-0.6952465218166081,-0.39213905048062103
15319.0,204.5,1,-0.7139521021409041,-0.37343347015632505
15326.0,311.71,1,-0.6954039587209284,-0.39198161357630074
15330.0,714.96,90,-0.2825891624914072,-0.11869743639547241
15332.0,1661.06,92,-0.11119770704512937,-0.2746709373830906
15334.0,127.53,1,-0.7272684961250057,-0.3601170761722235
15339.0,299.67,1,-0.6974869700703967,-0.38989860222683237
15342.0,406.09,1,-0.6790755026442815,-0.4083100696529476
15344.0,197.79,64,-0.4722802003268946,-0.12943980652255904
15346.0,252.42,1,-0.7056615785639501,-0.38172399373327903
15347.0,201.6,1,-0.714453824143683,-0.3729317481535462
15349.0,473.81,28,-0.5632882362455057,-0.3159549508598195
15350.0,115.65,1,-0.7293238262605276,-0.35806174603670154
15351.0,708.07,547,1.4777201121348766,1.643995882781948
15353.0,311.65,1,-0.6954143391761582,-0.39197123312107085
15355.0,150.8,1,-0.7232426095716726,-0.3641429627255566
15356.0,1252.49,424,1.0978068031355468,1.0757049925737165
15358.0,4994.49,452,1.8531268755181534,0.5362362826123439
15363.0,318.05,660,1.8458009064458571,2.147029515385232
15364.0,581.39,1,-0.6487472726142308,-0.4386382996829983
15367.0,1416.18,30,-0.39254209909935395,-0.4712831335473117
15370.0,217.2,8,-0.6847734854812525,-0.3486492462106683
15373.0,477.03,385,0.8133212836205297,1.059540400144873
15374.0,168.0,1,-0.720266879072432,-0.3671186932247971
15376.0,654.17,1,-0.6361557804203513,-0.45122979187687784
15379.0,1269.97,155,0.06397353841433998,0.03582338260521555
15380.0,615.4000000000001,121,-0.18032465081495805,0.01801634603730129
15381.0,314.55,1,-0.6949126171733794,-0.3924729551238498
15382.0,526.35,123,-0.18802199922268484,0.04113164890368765
15386.0,394.14,1,-0.6811429433109051,-0.406242628986324
15392.0,1196.55,210,0.2632681951712433,0.2605224734614495
15393.0,124.1,1,-0.7278619121489821,-0.35952366014824705
15399.0,266.64,1,-0.7032014106744616,-0.3841841616227675
15400.0,649.0,153,-0.051167960216932755,0.13554692677782867
15405.0,349.1,1,-0.6889352050368235,-0.3984503672604057
15406.0,510.71,83,-0.34490738247254316,-0.11034205701964481
15407.0,1056.44,243,0.36622622641747526,0.4119606907830997
15410.0,727.48,29,-0.5155469129946574,-0.3559872968813382
15411.0,382.21,89,-0.3440119257352756,-0.0649836503809338
15414.0,421.5,265,0.34117553854546273,0.6066088777003673
15416.0,3075.18,307,0.962170834269802,0.3093906256078786
15421.0,950.36,310,0.6061243187535436,0.6885640728121263
15423.0,43.5,1,-0.7418063236744932,-0.34557924862273603
15426.0,732.1800000000001,395,0.8960090556323664,1.0539424004263338
15427.0,1112.11,1,-0.5569286859539427,-0.5304568863432864
15433.0,160.66,1,-0.7215367547622242,-0.3658488175350049
15434.0,454.2000000000001,210,0.13483601283919455,0.38895465579349825
15442.0,594.0,1,-0.6465656469400783,-0.4408199253571508
15443.0,379.51,1,-0.6836740443111312,-0.40371152798609794
15449.0,300.13,120,-0.23872324143517962,0.06870595942819316
15450.0,429.84,1,-0.6749665724491093,-0.41241899984811986
15452.0,125.4,1,-0.7276370022856674,-0.35974857001156174
15453.0,910.59,122,-0.1254000525450126,-0.02919927500331424
15454.0,179.1,1,-0.7183464948548989,-0.3690390774423303
15456.0,204.0,1,-0.7140386059344866,-0.3733469663627425
15462.0,169.8,33,-0.5966118297462585,-0.244086471212418
15463.0,126.14,1,-0.7275089766711652,-0.35987659562606394
15464.0,1048.85,1,-0.5678731459180101,-0.519512426379219
15465.0,2092.01,573,1.8173689362975012,1.5047804665818982
15467.0,288.42,1,-0.6994333054260047,-0.3879522668712244
15469.0,304.3,1,-0.6966859449418221,-0.39069962735540703
15471.0,469.48,1,-0.6681085516938827,-0.4192770206033464
15473.0,1057.2,61,-0.335159215685288,-0.2896877228521549
15482.0,713.8,38,-0.48322325925509274,-0.31893015555693494
15483.0,118.96,1,-0.7287511711470109,-0.3586344011502182
15484.0,674.25,1,-0.632681788070075,-0.4547037842271541
15485.0,2575.0,607,2.0319824837210025,1.5522721449556087
15488.0,91.32,1,-0.7335331008562557,-0.3538524714409734
15489.0,304.01,328,0.563681659853317,0.8697683218402885
15491.0,912.39,154,-0.0017450032188391338,0.09383294700906476
15492.0,171.72,1,-0.7196232908481777,-0.3677622814490515
15493.0,1095.54,98,-0.18591002605077547,-0.1537047550014659
15494.0,1127.38,1,-0.5542868600979308,-0.5330987121992983
15498.0,5509.49,511,2.1696406111734334,0.6745522034875201
15500.0,266.26,1,-0.7032671535575844,-0.3841184187396447
15502.0,4977.55,545,2.20866356815541,0.8976344723027561
15503.0,147.09,1,-0.7238844677200553,-0.36350110457717383
15505.0,1346.5800000000002,59,-0.2928032573407668,-0.34746163565533567
15508.0,481.8,30,-0.5541969283947263,-0.30962830425193927
15511.0,229.8,1,-0.7095750101856257,-0.37781056211160335
15512.0,19.799999999999997,1,-0.7459066034903072,-0.34147896880692197
15513.0,7419.27,691,3.193854991629372,1.0379537243109405
15514.0,1279.04,241,0.39702873809110784,0.36574022465080774
15518.0,1668.05,239,0.456621442344893,0.29072956593836324
15520.0,343.5,1,-0.6899040475249483,-0.3974815247722809
15521.0,976.34,266,0.4410215568228392,0.5144718366523207
15522.0,138.94,1,-0.7252944795554512,-0.3620910927417779
15525.0,613.72,546,1.45754235767118,1.6564646600163149
15526.0,148.44,1,-0.7236509074773824,-0.3637346648198468
15527.0,1421.53,302,0.656804394680828,0.5762121790502036
15529.0,1330.8,387,0.9687389485438491,0.9195406896802129
15530.0,553.13,1,-0.653636467027518,-0.43374910526971117
15531.0,2007.44,241,0.5230474645822029,0.23972149815971291
15533.0,449.66,1,-0.671537562071496,-0.41584801022573314
15539.0,538.46,1,-0.6561744883312307,-0.43121108396599844
15544.0,2532.72,663,2.240519085356894,1.7754382681621852
15545.0,135.32999999999998,1,-0.7259190369451175,-0.36146653535211165
15547.0,2498.76,332,0.9588080162426886,0.5054778743682362
15549.0,689.58,1,-0.6300295817588333,-0.4573559905383958
15550.0,280.25,173,-0.03787473569078397,0.27643324683827525
15551.0,436.06,1,-0.6738904652569421,-0.4134951070402871
15552.0,90.12,1,-0.7337407099608539,-0.35364486233637527
15553.0,437.23,1,-0.6736880463799588,-0.4136975259172703
15554.0,217.2,1,-0.7117549057839067,-0.3756306665133225
15555.0,2536.88,577,1.9097527760583206,1.4432325357383975
15557.0,473.65,1,-0.6673871100554041,-0.419998462241825
15561.0,187.9,117,-0.26970334878671903,0.07655913509174322
15568.0,335.77,1,-0.6912413961737349,-0.39614417612349423
15569.0,288.5,1,-0.6994194648190315,-0.3879661074781976
15570.0,1923.41,508,1.5376580971482394,1.283407785824725
15571.0,196.43,1,-0.7153482733693268,-0.3720372989279023
15572.0,1071.02,30,-0.452257397885277,-0.41156783476138864
15573.0,196.75,1,-0.715292910941434,-0.37209266135579516
15574.0,375.65,1,-0.6843418535975887,-0.40304371869964045
15576.0,940.67,1,-0.586589106697536,-0.5007964655996932
15577.0,258.88,128,-0.215023895488423,0.10667843131607462
15579.0,149.0,1,-0.7235540232285699,-0.3638315490686593
15581.0,3140.01,452,1.5322877652721267,0.8570753928583704
15582.0,303.61,1,-0.6968053201769661,-0.39058025212026304
15587.0,344.88,1,-0.6896652970546604,-0.39772027524256875
15589.0,163.0,28,-0.6170607244123059,-0.2621824626930194
15594.0,702.86,64,-0.38489925827739246,-0.2168207485720611
15596.0,988.04,385,0.9017298907377927,0.9711317930276099
15597.0,315.71999999999997,182,0.002952240957947885,0.3049870652535114
15601.0,2411.35,635,2.111595473292043,1.6885105178058024
15602.0,309.94,516,1.2893514544022042,1.5933862464053974
15605.0,1015.48,665,1.985734031035772,2.0456412769419665
15606.0,906.96,337,0.7026869820665278,0.8001437946910456
15607.0,104.76,1,-0.7312078788847561,-0.3561776934124731
15608.0,1093.68,31,-0.4444825573454499,-0.41163369807188616
15609.0,270.03000000000003,60,-0.4752000866887437,-0.157355829078029
15611.0,281.54,269,0.3323793511044879,0.6462409740586612
15612.0,195.15,182,-0.017907283826554207,0.3258465900380134
15615.0,4298.82,117,0.44151700144223766,-0.6346612151372132
15618.0,554.02,29,-0.5455568090643242,-0.32597740081167137
15620.0,444.57,214,0.1485879042334537,0.40603867331655824
15621.0,192.77,1,-0.7159814811383513,-0.37140409115887785
15622.0,143.0,242,0.2043396873826762,0.566138252588569
15625.0,297.84,59,-0.47424323430434584,-0.1660216586917567
15628.0,1868.38,419,1.1850880029213664,0.9498789066412482
15632.0,1729.62,187,0.2668401115240773,0.07964408083403092
15636.0,724.76,278,0.4437501714198094,0.6042509488073076
15640.0,5560.01,626,2.6216471451634784,1.1090780508703986
15641.0,453.79,1,-0.6708230407365039,-0.4165625315607252
15643.0,655.7,212,0.1774060188823019,0.3618026042090503
15646.0,425.14,629,1.7448391419007614,2.0090129858211045
15649.0,816.0,354,0.752476518387289,0.8814068712688908
15651.0,418.98,1,-0.6768454348457228,-0.41054013745150636
15652.0,337.74,1,-0.6909005712270195,-0.3964850010702096
15653.0,829.4399999999999,1,-0.6058327406179155,-0.4815528316793136
15655.0,560.67,1,-0.6523319898202927,-0.4350535824769364
15656.0,63.91,1,-0.7382752388204524,-0.3491103334767767
15658.0,562.6500000000001,628,1.7647749265971766,1.9813682238953603
15660.0,364.3,113,-0.2546027648694462,0.03062264225715127
15661.0,116.0,1,-0.7292632736050199,-0.35812229869220935
15665.0,1476.22,1,-0.4939348933912401,-0.593450678905989
15668.0,76.32000000000001,1,-0.736128214663733,-0.3512573576334962
15671.0,1311.0800000000002,179,0.16359360707465648,0.12121876744881341
15673.0,1911.07,185,0.29052336098586384,0.040542876913584804
15674.0,334.71,153,-0.10554251478706764,0.18992148134796352
15675.0,225.39,95,-0.348016043866525,-0.014725668873705732
15676.0,3247.44,275,0.8686294855655945,0.15624470297353363
15679.0,734.66,59,-0.39867006007886513,-0.24159483291723732
15680.0,478.89,1,-0.6664805502986587,-0.42090502199857044
15681.0,1183.02,222,0.30718126589287736,0.30911712949177256
15687.0,1467.77,185,0.21382909759555307,0.11723714030389557
15689.0,150.6,1,-0.7232772110891057,-0.3641083612081235
15690.0,128.76,1,-0.7270556967927925,-0.3603298755044366
15691.0,136.8,1,-0.7256647157919847,-0.36172085650524444
15692.0,191.04,1,-0.716280784264147,-0.37110478803308217
15694.0,4348.7699999999995,606,2.3350036629922646,1.2415419884550165
15696.0,1175.05,274,0.5062358033857453,0.510929407924053
15701.0,574.07,152,-0.06798590733788223,0.14465589666944845
15704.0,1507.32,90,-0.14550487072522925,-0.25578172816165023
15706.0,158.4,152,-0.13989997109481997,0.21656996042638615
15707.0,496.17,60,-0.4360761509272168,-0.1964797648395559
15708.0,1210.08,477,1.2947574479411117,1.2873301409226294
15709.0,133.25,1,-0.726278892726421,-0.36110667957080816
15712.0,158.85,1,-0.7218498984949931,-0.365535673802236
15713.0,171.15,1,-0.7197219051728618,-0.3676636671243673
15716.0,547.1,1,-0.6546797027781238,-0.4327058695191053
15719.0,3883.29,331,1.1944877222857881,0.2620891910958069
15722.0,1203.01,25,-0.44869456952867337,-0.45367554926464126
15723.0,203.1,1,-0.7141943127629353,-0.3731912595342939
15727.0,1339.2,211,0.2918022160950167,0.23969742976700584
15729.0,85.0,1,-0.7346265088071394,-0.35275906349008973
15730.0,653.45,91,-0.28937637056327065,-0.10420125109427919
15732.0,294.12,630,1.7260261764450484,2.0355349285061473
15733.0,162.3,1,-0.7212530223192734,-0.3661325499779558
15737.0,663.73,242,0.2944299282471845,0.47604801172406075
15738.0,1525.78,598,1.8157690655836007,1.6991047680290434
15739.0,449.12,1,-0.6716309861685652,-0.41575458612866395
15743.0,460.11,175,0.0009513861660696148,0.25302507944008124
15745.0,286.18,149,-0.12935652745085188,0.1828995850944286
15747.0,306.82,1,-0.6962499658221659,-0.3911356064750632
15749.0,22998.4,1,3.229565538942799,-4.3169511112400265
15750.0,1258.76,334,0.7519875853872329,0.7277162596823514
15752.0,1517.25,512,1.4828072900039018,1.3690945018863816
15753.0,79.2,1,-0.7356299528126974,-0.3517556194845318
15754.0,91.8,1,-0.7334500572144165,-0.35393551508281273
15755.0,303.67,118,-0.24581977180594478,0.06038453534029876
15756.0,532.96,185,0.05209987503769961,0.2789663628617489
15757.0,714.42,25,-0.5332243465416938,-0.3691457722516208
15759.0,68.0,1,-0.737567637788947,-0.3498179345082822
15762.0,268.44,1,-0.7028899970175644,-0.38449557527966477
15763.0,564.4300000000001,1,-0.6516814812925518,-0.43570409100467733
15764.0,1679.67,304,0.7091735504609695,0.5392609777287217
15766.0,315.06,1,-0.6948243833039252,-0.392561188993304
15769.0,18878.68,547,4.621373505553815,-1.499657510636989
15773.0,635.6800000000001,1,-0.6393546907070349,-0.4480308815901943
15774.0,270.8,1,-0.7024816991118547,-0.3849038731853745
15775.0,104.9,1,-0.731183657822553,-0.35620191447467614
15777.0,293.96,1,-0.6984748433931098,-0.3889107289041193
15780.0,298.13,58,-0.4780475507187328,-0.16992631950669948
15781.0,83.35,1,-0.7349119713259619,-0.35247360097126723
15782.0,1638.34,1,-0.46588690336002603,-0.6214986689372031
15785.0,984.3,246,0.365308924923376,0.43600492396518836
15787.0,492.05,1,-0.6642037704515653,-0.42318180184566384
15796.0,1273.22,180,0.16089802843924883,0.13162332331355095
15797.0,1825.2,34,-0.3063605813384051,-0.5266287423909417
15799.0,481.24,56,-0.454077108662252,-0.20931471602183974
15800.0,244.5,1,-0.7070317986542981,-0.38035377364293105
15801.0,869.98,1,-0.5988190130342403,-0.48856655926298875
15804.0,1142.63,212,0.26164860330062817,0.2775600197907241
15805.0,1023.75,364,0.8269637307674976,0.8840094311819797
15806.0,521.88,87,-0.32755693326524893,-0.09685659730962004
15808.0,2506.57,386,1.168301590690352,0.7122690703043801
15809.0,214.7,204,0.07027376402515181,0.4072630412315622
15811.0,261.05,293,0.4213421523954311,0.7422936262716323
15812.0,822.48,245,0.33345834855364676,0.460146523105588
15814.0,353.64,213,0.12900183571786172,0.4179157646028203
15815.0,1192.98,118,-0.09196239446410558,-0.0934728420015404
15819.0,639.64,1,-0.6386695806618609,-0.44871599163536824
15821.0,254.18,1,-0.7053570852105394,-0.38202848708668974
15822.0,445.27,1,-0.672297065379151,-0.41508850691807814
15827.0,786.3100000000001,631,1.8150332693865283,1.954236812793997
15829.0,310.7,1,-0.6955786963839652,-0.39180687591326396
15830.0,547.7,242,0.27435585790841216,0.49612208206283304
15831.0,491.82,154,-0.0745068041528861,0.16659474794311172
15834.0,1257.52,506,1.414745097701508,1.3909028308127964
15837.0,391.98,1,-0.6815166396991819,-0.4058689325980473
15838.0,23026.98,602,5.551057753197575,-2.00534801066761
15839.0,252.18,121,-0.24316446662508373,0.08085616184742693
15840.0,113.82,1,-0.7296404301450399,-0.35774514215218933
15841.0,598.3,124,-0.1717196147114875,0.032538241621820015
15843.0,118.95000000000002,1,-0.7287529012228826,-0.35863267107434654
15845.0,643.84,51,-0.4452185180625231,-0.25671819276821756
15847.0,208.59,1,-0.7132445011093986,-0.3741410711878306
15852.0,57.5,1,-0.739384217454181,-0.3480013548430481
15854.0,437.71,129,-0.18023046006101442,0.07959397311799576
15855.0,132.18,1,-0.7264640108446877,-0.36092156145254145
15856.0,9417.89,421,2.4989194895298645,-0.34853462550859
15858.0,661.65,485,1.2307108058294478,1.4130486008689316
15860.0,622.16,391,0.8615568064337968,1.057558740707584
15862.0,527.38,365,0.7449424433409972,0.97373969583781
15864.0,1050.24,98,-0.19374726974935672,-0.14586751130288467
15865.0,603.85,64,-0.4020287394826139,-0.19969126736683968
15867.0,1140.68,541,1.5294379927304027,1.5460241388104434
15869.0,149.64,1,-0.7234432983727842,-0.36394227392444495
15870.0,354.09000000000003,1,-0.6880718971768693,-0.39931367512035976
15874.0,3404.9700000000003,122,0.3061466127279932,-0.4607459402763198
15877.0,198.52,1,-0.7149866875121517,-0.3723988847850775
15880.0,313.28000000000003,1,-0.695132336809079,-0.39225323548815005
15881.0,114.45000000000002,1,-0.7295314353651258,-0.3578541369321034
15882.0,350.32000000000005,1,-0.688724135780482,-0.3986614365167472
15883.0,396.48,31,-0.5651034471169921,-0.2910128083003439
15885.0,379.35,159,-0.07469252440802607,0.2053253543449005
15886.0,181.09,1,-0.7180022097564402,-0.36938336254078896
15889.0,446.87,390,0.8273758178649532,1.0840307520470984
15894.0,156.74,1,-0.7222149445039117,-0.36517062779331755
15898.0,903.38,426,1.0451171016096512,1.1438126485582716
15899.0,56.25,1,-0.7396004769381375,-0.3477850953590917
15901.0,110.49,1,-0.7302165454102998,-0.35716902688692936
15903.0,1404.78,131,-0.005211035511883459,-0.08000749697247554
15904.0,164.68,1,-0.7208412642618203,-0.36654430803540883
15906.0,862.32,53,-0.3997108431893514,-0.28680791318272963
15907.0,437.93,1,-0.6735669410689432,-0.41381863122828594
15910.0,553.4,245,0.2869054669992483,0.5066994046599864
15916.0,841.35,395,0.9148962939231857,1.0350551621355144
15917.0,123.1,1,-0.7280349197361473,-0.3593506525610819
15918.0,192.23,1,-0.7160749052354205,-0.3713106670618087
15919.0,270.72,1,-0.7024955397188278,-0.38489003257840126
15920.0,167.5,1,-0.7203533828660146,-0.3670321894312146
15922.0,363.6,30,-0.5746464251976471,-0.2891788074490186
15923.0,127.08,1,-0.7273463495392299,-0.3600392227579992
15930.0,426.63,1,-0.6755219268039094,-0.4118636454933197
15932.0,1218.45,281,0.5407257529713669,0.5304022989437396
15935.0,308.82,1,-0.6959039506478357,-0.3914816216493935
15937.0,145.35,1,-0.7241855009217226,-0.3632000713755065
15938.0,105.0,1,-0.7311663570638365,-0.35621921523339267
15939.0,3563.13,338,1.166079033481648,0.3444607205052553
15940.0,31.799999999999997,1,-0.7438305124443254,-0.34355505985290374
15944.0,325.1,1,-0.693087387128787,-0.3942981851684421
15945.0,181.0,1,-0.7180177804392851,-0.36936779185794405
15948.0,311.0,1,-0.6955267941078157,-0.3918587781894135
15950.0,358.04,1,-0.687388517207567,-0.39999705508966216
15951.0,294.40000000000003,212,0.11489837763953334,0.42431024545181883
15952.0,573.92,120,-0.1913554941452333,0.021338212138246857
15953.0,1058.9299999999998,571,1.6309292809195983,1.675802167501141
15955.0,2036.04,636,2.050518484367755,1.7572964839594192
15957.0,428.89,1,-0.6751309296569161,-0.412254642640313
15965.0,695.09,486,1.2403506681589151,1.4111177157687937
15969.0,443.7,5,-0.6571507328323407,-0.39939893054756925
15970.0,314.1,1,-0.6949904705876037,-0.39239510170962544
15971.0,1680.95,340,0.8481565903004769,0.6778011181450863
15973.0,110.72000000000004,232,0.16021011632233634,0.5331780513556111
15974.0,1620.89,209,0.33282774609423793,0.18325394530912503
15976.0,209.99,1,-0.7130022904873674,-0.37438328180986175
15980.0,1638.68,1,-0.4658280807803899,-0.6215574915168393
15981.0,790.8,335,0.6748814435120944,0.8125313787868197
15983.0,823.55,242,0.32208000082791866,0.44839793914332654
15984.0,1189.95,394,0.971352250194292,0.9708902286350785
15985.0,137.84,93,-0.37087183535216367,-0.007287831846726653
15986.0,168.12,1,-0.7202461181619723,-0.36713945413525695
15987.0,525.8900000000001,514,1.3190034656211889,1.548316280727754
15992.0,41.989999999999995,1,-0.7420675651311125,-0.34531800716611666
15993.0,663.62,150,-0.060202055136572875,0.1214540900094795
15996.0,416.07,483,1.1805146253441008,1.4478268268956194
15998.0,1442.6,88,-0.1644108989958875,-0.25229365434965156
16000.0,12393.7,1,1.3948719793325375,-2.482257551629766
16003.0,941.47,1,-0.5864507006278038,-0.5009348716694253
16005.0,120.49,1,-0.7284864695386483,-0.3588991027585809
16006.0,101.4,1,-0.731789184377631,-0.3555963879195982
16007.0,1485.19,298,0.6524001032211018,0.5497805615926106
16009.0,544.95,126,-0.17324059225741842,0.049477173626410506
16010.0,407.5,234,0.21926428527053932,0.48954183686606806
16011.0,2203.31,482,1.4858662168144776,1.1347662581959126
16012.0,1415.29,121,-0.04193761191742659,-0.12037069286023011
16013.0,19362.01,635,5.044188260748857,-1.2440822696510103
16014.0,390.2,238,0.23168920847124155,0.5079528225826845
16015.0,203.1,1,-0.7141943127629353,-0.3731912595342939
16016.0,801.56,304,0.55725385809538,0.6911806700943112
16018.0,161.9,1,-0.7213222253541394,-0.36606334694308973
16019.0,387.35,303,0.4817378968010384,0.7589876541593228
16020.0,518.8,1,-0.6595758174948976,-0.4278097548023316
16025.0,439.66,1,-0.6732676379431475,-0.4141179343540817
16027.0,595.87,150,-0.07192331916701176,0.1331753540399184
16029.0,19796.28,667,5.242663901296343,-1.1958706388599438
16030.0,331.24,1,-0.692025120543593,-0.39536045175363616
16031.0,548.94,65,-0.40767409747918737,-0.18633693214093644
16033.0,4319.9,572,2.198956321052201,1.1154841045978687
16034.0,153.6,1,-0.7227581883276102,-0.36462738396961897
16037.0,303.00000000000006,1,-0.6969108548051368,-0.39047471749209234
16038.0,78.45,1,-0.7357597085030712,-0.351625863794158
16040.0,437.37,1,-0.6736638253177557,-0.41372174697947345
16041.0,426.6,1,-0.6755271170315243,-0.4118584552657048
16043.0,466.14,297,0.4722422329057912,0.7222294546785913
16045.0,406.85,126,-0.1971329400449256,0.07336952141391768
16048.0,256.44,1,-0.7049660880635462,-0.38241948423368294
16053.0,1511.95,59,-0.264192992651266,-0.3760719003448364
16055.0,134.8,1,-0.726010730966315,-0.3613748413309142
16057.0,762.3000000000001,239,0.29991982027005876,0.4474311880131974
16059.0,223.55,301,0.44569027679405715,0.7796173197076446
16062.0,578.18,418,0.9580191253462255,1.169238806987059
16065.0,372.09,1,-0.6849577606078967,-0.4024278116893325
16066.0,1071.82,63,-0.32492086753160376,-0.2845081165471796
16070.0,686.85,1,-0.6305018924717942,-0.45688367982543493
16076.0,1131.1,150,0.020675531711391217,0.040576503161515454
16078.0,79.2,1,-0.7356299528126974,-0.3517556194845318
16080.0,130.26,1,-0.7267961854120448,-0.3605893868851844
16081.0,581.84,328,0.6117483577954105,0.821701623898195
16085.0,120.33,1,-0.7285141507525947,-0.3588714215446345
16086.0,711.59,485,1.2393508047324755,1.4044086019659041
16091.0,157.81,1,-0.722029826385645,-0.36535574591158426
16094.0,724.9,189,0.10072490577683789,0.2611772410399296
16098.0,1132.79,540,1.524218474253005,1.5435346800585117
16102.0,1392.84,27,-0.4081435620277833,-0.4788086023068717
16103.0,638.44,113,-0.20717446492399208,-0.016805657688302812
16104.0,302.36,1,-0.6970215796609225,-0.3903639926363066
16105.0,336.96,1,-0.6910355171450083,-0.39635005515222077
16106.0,108.38,1,-0.7305815914192183,-0.3568039808780109
16107.0,1353.74,65,-0.268437591328675,-0.32557343829144875
16109.0,611.88,32,-0.5239831242269539,-0.3244241539610521
16110.0,409.7,1,-0.6784509452546154,-0.40893462704261374
16112.0,159.18,153,-0.13591053656216628,0.22028950312306217
16113.0,161.38,1,-0.7214121892994654,-0.36597338299776383
16115.0,314.7,31,-0.5792520075953581,-0.27686424782197794
16116.0,612.78,1,-0.6433165644531168,-0.4440690078441123
16117.0,232.21,1,-0.7091580619005577,-0.37822751039667135
16119.0,113.88,1,-0.7296300496898099,-0.3577555226074192
16120.0,1294.14,1,-0.5254361148622705,-0.5619494574349586
16121.0,287.89,1,-0.6995249994472023,-0.3878605728500269
16122.0,249.84,445,1.0052850067723722,1.3301153107528165
16125.0,289.35,1,-0.6992724083699411,-0.388113163927288
16126.0,3533.7200000000003,66,0.11256997715427272,-0.6988720295450664
16128.0,666.82,35,-0.502914621544106,-0.3223657249559108
16133.0,5339.25,307,1.3538721221428023,-0.08231066226512157
16136.0,566.04,129,-0.1580283964001108,0.057391909457092154
16140.0,725.18,423,1.0027236837328268,1.1630791347471066
16141.0,620.4,1,-0.6419982466389184,-0.44538732565831074
16142.0,535.34,1,-0.656714272003186,-0.43067130029404316
16143.0,1594.15,541,1.607891743282183,1.467570388258663
16144.0,175.2,1,-0.719021224444843,-0.3683643478523862
16145.0,1670.88,332,0.8155784949804046,0.6487073956305202
16146.0,75.0,1,-0.736356584678791,-0.3510289876184382
16149.0,116.84,1,-0.7291179472318011,-0.3582676250654281
16150.0,1102.27,664,1.9968948709111702,2.026771459837238
16153.0,485.09,30,-0.553627733432953,-0.3101974992137126
16156.0,1004.05,298,0.5691592327324617,0.6330214320812506
16159.0,348.2,1,-0.689090911865272,-0.39829466043195705
16160.0,219.33999999999995,31,-0.5957500111074268,-0.2603662443099093
16161.0,1488.18,516,1.49319591390367,1.3895417869039317
16162.0,37.4,1,-0.7428616699562005,-0.3445239023410286
16163.0,441.6,1,-0.6729320032240471,-0.41445356907318204
16168.0,2104.78,574,1.8234327318002648,1.5064256483084641
16169.0,918.17,271,0.4502301485507668,0.5438081310710419
16170.0,635.31,124,-0.16531660391050532,0.02613523082083783
16171.0,73.2,1,-0.7366679983356882,-0.3507175739615409
16172.0,788.24,329,0.6513116124009622,0.7898473465219731
16173.0,735.95,240,0.29921555896292185,0.45584442654966395
16174.0,626.35,182,0.05669358775905829,0.25124571845240096
16175.0,300.7,1,-0.6973087722556167,-0.39007680004161244
16179.0,215.83,1,-0.711991926178323,-0.37539364611890624
16180.0,2694.18,307,0.89625494355988,0.3753065163178006
16182.0,2327.0,1,-0.3467434983828741,-0.7406420739143549
16183.0,338.71000000000004,1,-0.6907327538674694,-0.3966528184297598
16184.0,620.88,177,0.03647479318394049,0.23291962688086995
16186.0,2402.92,660,2.2064992346988626,1.7863311871322267
16187.0,1463.36,334,0.7873849377212225,0.6923189073483619
16188.0,151.65,1,-0.7230955531225822,-0.36429001917464693
16191.0,1573.89,281,0.6022195697533477,0.4689084821617589
16200.0,530.05,1,-0.6576294821392896,-0.4297560901579395
16201.0,509.4,1,-0.66120208881425,-0.42618348348297913
16203.0,381.55,665,1.8760593313041687,2.1553159766735694
16205.0,649.03,211,0.17239756966124548,0.35910207620077705
16206.0,121.11,1,-0.7283792048346058,-0.35900636746262327
16209.0,926.42,186,0.1240259288983642,0.2147492862304141
16210.0,15447.19,631,4.3514767439043265,-0.5822066617237999
16211.0,547.02,1,-0.654693543385097,-0.4326920289121321
16212.0,489.0,59,-0.4411711039418558,-0.19909378905424668
16214.0,206.7,1,-0.7135714854491407,-0.3738140868480884
16217.0,175.94,182,-0.021230759575996735,0.32917006578745595
16218.0,890.69,636,1.852364244408151,1.9554507239190233
16221.0,864.86,417,1.0037624518200656,1.1157865032838892
16224.0,167.47,1,-0.7203585730936296,-0.36702699920359955
16225.0,416.61,1,-0.6772554628273042,-0.41013010946992495
16229.0,358.2,1,-0.6873608359936205,-0.4000247363036086
16230.0,542.03,1,-0.6555568512450511,-0.43182872105217796
16232.0,358.82,25,-0.5947458445376209,-0.30762427425569366
16233.0,147.39999999999998,1,-0.7238308353680342,-0.36355473692919504
16235.0,429.5,148,-0.10841556867300749,0.15424964908725455
16239.0,347.9,1,-0.6891428141414216,-0.3982427581558075
16241.0,1445.4,577,1.720918454819303,1.632066856977415
16242.0,2610.37,236,0.6080864860383621,0.1161375905569049
16243.0,194.15,1,-0.7157427306680634,-0.3716428416291658
16244.0,1522.75,660,2.0542231467037126,1.9386072751273764
16245.0,254.42,119,-0.2504859068591636,0.0727596476228472
16248.0,152.94,1,-0.7228723733351392,-0.36451319896209
16250.0,226.14,1,-0.7102082179546503,-0.37717735434257893
16253.0,1965.22,123,0.06091342772163394,-0.20780377804063102
16255.0,1441.71,329,0.7643668803857726,0.6767920785371628
16258.0,1787.26,3,-0.4324136362500622,-0.6395539815885073
16261.0,254.96,1,-0.7052221392925506,-0.38216343300467853
16265.0,2370.51,386,1.1447621783806619,0.7358084826140704
16271.0,314.42,64,-0.4521023254358232,-0.14961768141363044
16274.0,357.95,1,-0.6874040878904119,-0.39998148440681724
16282.0,168.3,1,-0.7202149767962824,-0.36717059550094666
16283.0,1253.7,270,0.5044248956576247,0.4819044067348543
16284.0,424.57,1,-0.6758783224334696,-0.4115072498637595
16292.0,302.25,1,-0.6970406104955107,-0.3903449618017184
16293.0,699.59,423,0.9982964195772708,1.1675063989026626
16295.0,692.3,183,0.07195792674726476,0.24369035669352426
16298.0,114.3,1,-0.7295573865032006,-0.3578281857940286
16302.0,233.22,1,-0.708983324237521,-0.3784022480597082
16303.0,827.1800000000001,1,-0.6062237377649087,-0.48116183453232036
16306.0,616.35,477,1.1920376532135475,1.3900499356501936
16308.0,1600.0,114,-0.03696280079480597,-0.1793083445881591
16313.0,106.53,1,-0.7309016554554738,-0.3564839168417554
16316.0,1413.47,206,0.285379046520448,0.2075757131949257
16317.0,770.89,335,0.6714368624516363,0.8159759598472778
16318.0,328.15,1,-0.6925597139879334,-0.3948258583092958
16319.0,404.4,1,-0.6793678854665907,-0.4080176868306385
16320.0,852.68,1,-0.6018120442921974,-0.4855735280050317
16321.0,67.95,1,-0.7375762881683052,-0.34980928412892387
16322.0,326.75,154,-0.10306516656623733,0.1951531103564629
16324.0,262.12,1,-0.7039834049684481,-0.383402167328781
16325.0,416.02,27,-0.5771408333224446,-0.3098113310122104
16326.0,1702.69,187,0.2621810172017198,0.08430317515638837
16327.0,535.6,1,-0.6566692900305231,-0.43071628226670605
16332.0,991.51,307,0.6016801151213947,0.6698813447562857
16333.0,20637.36,215,3.6459482688806797,-3.0836127141013363
16337.0,151.05,1,-0.7231993576748813,-0.36418621462234785
16338.0,214.8,1,-0.712170123993103,-0.3752154483041261
16344.0,101.1,1,-0.7318410866537806,-0.3555444856434486
16347.0,444.29,1,-0.6724666128145729,-0.4149189594826563
16348.0,738.35,185,0.0876339033655497,0.2434323345338989
16350.0,796.17,383,0.8608259477590854,0.996617781547657
16351.0,153.9,1,-0.7227062860514607,-0.3646792862457685
16352.0,204.92,1,-0.7138794389542947,-0.3735061333429344
16353.0,3404.21,567,2.021262560487621,1.2546329790158
16354.0,29.700000000000003,1,-0.7441938283773722,-0.3431917439198569
16356.0,102.0,1,-0.7316853798253319,-0.35570019247189727
16357.0,538.83,115,-0.21669877345218283,0.008136605298547527
16358.0,1352.55,88,-0.17999023222010924,-0.23671432112542984
16359.0,1241.6,328,0.7258918435034896,0.707558138190116
16360.0,2411.93,332,0.9437857674491387,0.5205001231617862
16362.0,655.82,213,0.18128126840742664,0.36563633191325545
16365.0,619.22,512,1.3274412865019825,1.5244605053883007
16367.0,804.49,61,-0.378879963037793,-0.24596697549964988
16368.0,497.43,122,-0.19687986725816584,0.04228053970983896
16370.0,271.04,1,-0.702440177290935,-0.3849453950062941
16372.0,367.93,1,-0.6856774721705037,-0.4017081001267255
16374.0,316.73,1,-0.6945354606333594,-0.3928501116638698
16376.0,103.27,1,-0.7314656601896321,-0.355919912107597
16378.0,220.1,122,-0.24486006140667674,0.09026073385834982
16379.0,1199.94,181,0.1520745210664515,0.14815580791567798
16380.0,1780.59,1,-0.4412765740857836,-0.6461089982114455
16384.0,175.4,1,-0.7189866229274099,-0.3683989493698192
16385.0,555.89,424,0.9772897179163038,1.1962220777929597
16386.0,256.1,1,-0.7050249106431824,-0.3823606616540468
16389.0,119.65,1,-0.728631795911867,-0.35875377638536216
16393.0,1512.3,449,1.2391181197235464,1.1271181067189613
16394.0,298.49,37,-0.5589295288953158,-0.2509328631460415
16395.0,214.69,1,-0.7121891548276912,-0.37519641746953797
16398.0,535.85,1,-0.6566260381337318,-0.4307595341634973
16400.0,303.93,1,-0.6967499577490732,-0.3906356145481559
16401.0,760.5799999999999,246,0.3266036675227888,0.4747101813657756
16402.0,211.8,1,-0.7126891467545985,-0.37469642554263066
16405.0,167.25,241,0.20468063275676618,0.5580883299851493
16407.0,60.0,1,-0.7389516984862682,-0.34843387381096097
16409.0,1376.56,270,0.5256806078167349,0.4606486945757441
16411.0,131.5,1,-0.72658165600396,-0.3608039162932692
16414.0,50.8,1,-0.7405433682881876,-0.3468422040090416
16418.0,222.45,1,-0.7108466159512896,-0.37653895634593954
16419.0,616.27,304,0.5251972822695494,0.7232372459201417
16422.0,14318.67,573,3.932673881986149,-0.6105244791067485
16424.0,82.56,146,-0.17614779819341428,0.20656392414900174
16425.0,302.7,1,-0.6969627570812864,-0.39042281521594274
16426.0,1466.06,177,0.18269734570418164,0.08669707436062887
16431.0,298.88,1,-0.6976236460642572,-0.3897619262329719
16432.0,287.4,1,-0.6996097731649131,-0.38777579913231597
16433.0,184.26,1,-0.7174537757051267,-0.36993179659210246
16434.0,601.1,185,0.0638886120271329,0.26717762587231564
16438.0,264.72,31,-0.5878989268018723,-0.2682173286154638
16440.0,2537.31,241,0.6147189947934008,0.1480499679485151
16441.0,170.2,1,-0.7198862623806687,-0.36749930991656043
16442.0,179.76,1,-0.7182323098473699,-0.3691532624498593
16444.0,301.32,1,-0.6972015075515743,-0.39018406474565487
16445.0,230.51,1,-0.7094521747987386,-0.3779333974984906
16449.0,383.69,56,-0.47095399879021227,-0.1924378258938794
16454.0,5.9,1,-0.7483114089519028,-0.33907416334532636
16455.0,1088.7,484,1.30073920731366,1.3353112221553896
16456.0,1694.28,505,1.486453402857094,1.3114855484278811
16457.0,208.36,1,-0.7132842928544466,-0.37410127944278254
16458.0,1587.22,331,0.7972501916235033,0.6593267217580917
16460.0,302.62,1,-0.6969765976882596,-0.39040897460896956
16462.0,34.0,184,-0.03807847926888842,0.361435739939007
16466.0,440.63,178,0.009144664212087114,0.267958733082053
16469.0,276.88,1,-0.7014298129818906,-0.3859557593153386
16471.0,223.95,1,-0.7105871045705419,-0.37679846772668724
16473.0,148.16,147,-0.1609440118607155,0.19906911504563282
16474.0,788.38,303,0.5511191294818784,0.6896064214784828
16475.0,395.0,36,-0.5460870552726722,-0.2714843139980151
16477.0,1311.65,570,1.6707972697333102,1.6282252014580996
16478.0,235.9,30,-0.5967394940786367,-0.267085738568029
16484.0,260.8,28,-0.6001405823875542,-0.27910260471777104
16488.0,144.23000000000002,1,-0.7243792694193476,-0.3630063028778815
16495.0,684.41,52,-0.4343451116365681,-0.25988262196484274
16496.0,377.18,5,-0.6686591975305665,-0.3878904658493435
16497.0,279.3,1,-0.7010111346209509,-0.38637443767627827
16499.0,200.2,29,-0.6067703535550975,-0.2647638563208981
16500.0,138.06,61,-0.4941774093522636,-0.1306695291851793
16503.0,251.6,1,-0.7058034447854256,-0.3815821275118036
16505.0,777.6,1,-0.6148014539365568,-0.47258411836067227
16510.0,248.1,1,-0.7064089713405035,-0.3809766009567256
16513.0,211.8,119,-0.2578594902241423,0.08013323098782585
16515.0,1250.35,338,0.7659505460378334,0.7445892079490698
16516.0,101.7,1,-0.7317372821014815,-0.3556482901957477
16517.0,162.7,1,-0.7211838192844073,-0.3662017530128218
16518.0,293.62,1,-0.6985336659727459,-0.3888519063244832
16519.0,103.7,1,-0.7313912669271512,-0.35599430537007803
16520.0,739.46,267,0.4038940081898234,0.5593083625146661
16523.0,3381.9,273,0.8841831085064906,0.1252731255739778
16525.0,6813.25,476,2.260293881502598,0.31408473013181387
16528.0,244.41,1,-0.707047369337143,-0.3803382029600862
16529.0,455.25,1,-0.6705704496592428,-0.4168151226379863
16531.0,422.91,56,-0.4641686412215951,-0.19922318346249654
16532.0,1910.4,1,-0.41881845919587546,-0.6685671131013536
16533.0,376.97,1,-0.6841134835825308,-0.40327208871469844
16535.0,593.75,1,-0.6466088988368696,-0.44077667346035954
16539.0,1083.91,545,1.535034306465697,1.5712637339924689
16549.0,1831.79,123,0.03782902536618803,-0.1847193756851851
16550.0,929.38,390,0.9108537087480095,1.0005528611640422
16551.0,922.12,173,0.07317364428291058,0.16538486686458073
16552.0,379.73,660,1.8564720144222036,2.1363584074088853
16553.0,1127.25,479,1.2881362067255522,1.3093693365968486
16554.0,195.76,329,0.5488080771573545,0.8923508817655809
16555.0,133.91,1,-0.726164707718892,-0.36122086457833713
16556.0,1075.49,116,-0.1199980331094688,-0.08085515781483675
16558.0,3044.74,478,1.61602203642419,0.9737745296688813
16561.0,511.12,211,0.1485380933152997,0.3829615525467228
16565.0,173.7,1,-0.7192807358255907,-0.3681048364716385
16567.0,557.5600000000001,1,-0.6528700434163763,-0.43451552888085276
16569.0,124.2,1,-0.7278446113902656,-0.3595409609069635
16570.0,1154.7,190,0.1789380553550841,0.19067306869101333
16571.0,300.21,101,-0.3119446845068393,-0.0045431648574129095
16572.0,1009.6,212,0.23863340398004834,0.3005752191113039
16581.0,70.44,90,-0.3940960125710894,-0.007190586315790226
16583.0,233.45,1,-0.708943532492473,-0.37844203980475616
16586.0,463.95,1,-0.669065283650906,-0.41832028864632315
16589.0,117.68,1,-0.7289726208585824,-0.3584129514386468
16591.0,213.5,1,-0.7123950338564178,-0.3749905384408114
16592.0,1919.63,249,0.5386915772705503,0.2857492033060038
16593.0,185.9,1,-0.7171700432621758,-0.3702155290350533
16595.0,360.16,1,-0.6870217411227769,-0.40036383117445223
16596.0,120.65,1,-0.7284587883247019,-0.3589267839725273
16597.0,90.04,1,-0.7337545505678271,-0.3536310217294021
16600.0,366.18,11,-0.6474353493013939,-0.36286045070253753
16602.0,494.73,153,-0.07785784068890036,0.16223680724979628
16603.0,296.62,1,-0.6980146432112505,-0.38937092908597865
16607.0,842.48,305,0.5681878171768429,0.6879556882421781
16609.0,1436.17,336,0.7903898386555319,0.7047319608727121
16610.0,75.66,1,-0.7362423996712619,-0.3511431726259672
16611.0,129.49,1,-0.7269294012541619,-0.3604561710430672
16612.0,1187.66,340,0.7628136776277802,0.7631440308177829
16614.0,506.19,1,-0.66175744316905,-0.42562812912817904
16616.0,210.1,1,-0.7129832596527792,-0.37440231264444995
16618.0,1206.3,1,-0.5406331013188572,-0.5467524709783719
16620.0,83.2,1,-0.7349379224640368,-0.35244764983319243
16621.0,490.7,32,-0.5449481836396268,-0.3034590945483793
16623.0,129.45,1,-0.7269363215576485,-0.3604492507395806
16625.0,333.08,1,-0.6917067865832092,-0.39567878571402
16626.0,1618.74,214,0.35172822285515737,0.20289835469485465
16628.0,915.46,244,0.34569010539359746,0.4402057890363075
16629.0,236.78,1,-0.7083674172272131,-0.3790181550700161
16633.0,255.8,1,-0.7050768129193319,-0.38230875937789727
16634.0,217.9,326,0.5410749992931961,0.8769570279417498
16637.0,820.97,182,0.0903643243731397,0.2175749818383196
16638.0,387.18,385,0.797776551913741,1.0750851318516617
16639.0,786.36,1,-0.6132859074729902,-0.474099664824239
16642.0,380.6,1,-0.6834854660411213,-0.4039001062561079
16643.0,487.51,1,-0.6649892248972951,-0.42239634739993404
16644.0,722.41,1,-0.6243497426722014,-0.46303582962502765
16652.0,5277.22,36,0.2985740469367645,-1.1161454162074513
16654.0,256.5,327,0.5516075807724358,0.8741334236918399
16655.0,1844.38,148,0.13636940625521937,-0.09053532584097224
16656.0,3549.04,420,1.4797094229810117,0.662966463810933
16658.0,123.24,1,-0.7280106986739441,-0.359374873623285
16659.0,39.12,1,-0.7425640969062764,-0.34482147539095265
16665.0,135.39999999999998,1,-0.7259069264140159,-0.36147864588321327
16667.0,366.78,1,-0.6858764308957436,-0.4015091414014855
16668.0,145.98,30,-0.6122963363165269,-0.2515288963301388
16670.0,1987.06,309,0.7816267957529893,0.505352618583351
16671.0,309.39,214,0.12520073860046876,0.4294258389495431
16672.0,3830.4,328,1.1737738851566286,0.259676096536977
16674.0,122.2,1,-0.7281906265645959,-0.3591949457326333
16676.0,1262.88,126,-0.04903325520394256,-0.0747301634270653
16678.0,2031.1,308,0.7853915612770774,0.49387887582993273
16679.0,129.75,1,-0.726884419281499,-0.3605011530157301
16682.0,921.08,124,-0.1158762257263205,-0.023305147363346955
16684.0,36964.86,188,6.366658455723707,-6.012465286136266
16685.0,324.24,1,-0.6932361736537491,-0.3941493986434801
16686.0,740.56,142,-0.07772676029740533,0.07730697733567386
16688.0,329.45,58,-0.4726289530887203,-0.175344917136712
16693.0,324.45,1,-0.6931998420604444,-0.39418573023678477
16696.0,440.1,153,-0.08730924517573246,0.17168821173662838
16697.0,112.75,1,-0.7298255482633066,-0.3575600240339226
16700.0,2106.11,481,1.46519539072736,1.1477281070537
16701.0,2557.65,329,0.9574329672068496,0.4837259917160859
16705.0,5672.39,341,1.5425604826296062,-0.008893796954713378
16706.0,239.82,2,-0.703986985547566,-0.3756896095203332
16709.0,1270.43,154,0.060198633289771035,0.03188931050045462
16710.0,822.84,480,1.239325455731274,1.365889064820457
16711.0,680.2,111,-0.20765864531330522,-0.031739431757649254
16712.0,1504.21,270,0.5477650263183662,0.43856427607411275
16713.0,2209.64,484,1.4946703320705628,1.141380097398487
16714.0,15.0,1,-0.7467370399086999,-0.3406485323885292
16716.0,153.0000000000001,272,0.32170442169427416,0.680042835156864
16717.0,1004.81,333,0.7041978200119782,0.7677970478282761
16718.0,623.75,1,-0.6414186712219151,-0.445966901075314
16719.0,583.18,322,0.5888532562742225,0.7983428620434044
16722.0,2136.11,450,1.3508964712877034,1.0230487323841344
16723.0,165.0,1,-0.7207859018339274,-0.36659967046330166
16725.0,453.62,569,1.5184970811033318,1.7728164128587478
16727.0,272.82,1,-0.702132223785781,-0.3852533485114481
16729.0,2893.25,328,1.0116398248448089,0.4218101568487968
16732.0,603.75,1,-0.6448788229652181,-0.442506749332011
16735.0,1528.69,204,0.2976040034842867,0.17993280177242738
16743.0,1394.82,210,0.2975704094784775,0.22622025915421537
16744.0,274.85,63,-0.46280272427461305,-0.14662625980417035
16745.0,4010.88,340,1.2512521578641738,0.2747055505813895
16746.0,2161.52,335,0.9120264033911083,0.575386418907806
16747.0,830.26,119,-0.15086121786598383,-0.02686504137033249
16748.0,1249.2,201,0.23768664710350446,0.21672322646522044
16750.0,98.38,1,-0.7323116672908697,-0.3550739050063594
16751.0,1764.72,1,-0.44402220449409446,-0.6433633678031346
16752.0,207.5,1,-0.7134330793794086,-0.3739524929178205
16753.0,223.92,1,-0.7105922947981569,-0.3767932774990723
16754.0,2002.4,1,-0.40290176117668164,-0.6844838111205475
16756.0,239.4,1,-0.7079141373488403,-0.3794714349483888
16758.0,369.34,1,-0.6854335314726008,-0.4019520408246283
16759.0,789.79,210,0.19289562901594706,0.3308950396167457
16761.0,316.62,1,-0.6945544914679475,-0.39283108082928164
16764.0,1216.79,213,0.2783333345794606,0.2685842657412215
16766.0,1145.6,1,-0.5511346618597819,-0.5362509104374472
16767.0,2163.62,183,0.3265074498950926,-0.010859166454303532
16770.0,130.8,1,-0.7267027613149756,-0.3606828109822536
16771.0,1800.25,212,0.3754218527721738,0.1637867703191785
16774.0,112.72,60,-0.5024159102256933,-0.1301400055410793
16775.0,453.23,422,0.9518197817885997,1.2062740594620043
16776.0,388.28,1,-0.6821567677716929,-0.4052288045255362
16778.0,93.18,1,-0.7332113067441285,-0.3541742655531006
16779.0,5297.06,476,1.9979815079186698,0.5763971037157418
16781.0,294.65,212,0.11494162953632461,0.42426699355502756
16782.0,765.3000000000001,386,0.8670486693872921,1.01352199160744
16788.0,300.31,1,-0.6973762452146111,-0.39000932708261804
16789.0,80.8,1,-0.7353531406732331,-0.35203243162399606
16790.0,1441.42,272,0.5446108571495962,0.45713639970154213
16791.0,1554.38,54,-0.2761247238011731,-0.4026850553415781
16792.0,110.38,1,-0.730235576244888,-0.3571499960523412
16794.0,467.78,115,-0.2289909625202667,0.020428794366631392
16795.0,414.88,1,-0.6775547659530999,-0.4098308063441293
16796.0,305.62,1,-0.6964575749267642,-0.39092799737046496
16801.0,751.9,1,-0.6192477489267012,-0.4681378233705279
16803.0,332.3,1,-0.691841732501198,-0.3955438397960312
16806.0,173.07999999999998,1,-0.7193880005296331,-0.36799757176759607
16807.0,280.6,1,-0.7007862247576362,-0.38659934753959296
16808.0,288.42,266,0.3220061774601895,0.6334872160149704
16809.0,149.68,1,-0.7234363780692976,-0.3639491942279316
16811.0,232.3,1,-0.7091424912177129,-0.37824308107951626
16813.0,384.55,92,-0.3320436221373145,-0.05382502229090563
16814.0,1944.07,571,1.7840652166229587,1.5226662317977806
16817.0,1432.35,508,1.452700991394921,1.3683648915780433
16818.0,1165.56,243,0.3851048143289364,0.39308210287163864
16820.0,497.61,1,-0.6632418482669271,-0.42414372403030204
16825.0,775.1800000000001,175,0.0554608866541933,0.1985155789519576
16828.0,15.0,1,-0.7467370399086999,-0.3406485323885292
16829.0,197.22,1,-0.7152115973754664,-0.3721739749217628
16830.0,325.91,1,-0.6929472509831832,-0.3944383213140459
16832.0,121.4,62,-0.4932052271397701,-0.1239327341683431
16833.0,744.72,19,-0.5511091483385789,-0.3975148338307141
16835.0,180.85,419,0.8931325093525616,1.241834400210053
16837.0,2219.68,249,0.5906025037994533,0.23383827677710076
16839.0,7299.53,576,2.729872872455755,0.6154034621116333
16841.0,934.56,207,0.20637847156585104,0.2942852653788523
16842.0,863.2,113,-0.16828927963275306,-0.05569084297954181
16843.0,2829.13,303,0.9041843629891574,0.33654118797120397
16849.0,124.57,1,-0.7277805985830145,-0.3596049737142147
16850.0,332.41,1,-0.6918227016666098,-0.39556287063061935
16851.0,102.99,1,-0.7315141023140384,-0.35587146998319075
16858.0,345.89000000000004,61,-0.4582212425117306,-0.16662569602571234
16861.0,151.65,515,1.2581115948151682,1.6169171287631046
16863.0,482.8,425,0.9684990819850678,1.2127216909535254
16866.0,153.95,272,0.32186877890208104,0.6798784779490572
16871.0,329.44,1,-0.6923365342004902,-0.39504903809673886
16872.0,388.36,1,-0.6821429271647197,-0.40524264513250946
16873.0,6575.09,332,1.6640440340316027,-0.1997581434206777
16875.0,1266.52,268,0.4989338756957519,0.47197747223806724
16877.0,111.23,1,-0.7300885197957976,-0.35729705250143157
16880.0,1367.9,271,0.5280368507265496,0.46600142889525914
16881.0,432.0,1,-0.6745928760608325,-0.4127926962363966
16882.0,489.42,1,-0.6646587804058096,-0.4227267918914195
16883.0,276.73,420,0.9135749654246212,1.2291009213673234
16884.0,429.84,1,-0.6749665724491093,-0.41241899984811986
16887.0,194.88,1,-0.7156164351294328,-0.37176913716779636
16889.0,1228.61,95,-0.17445137227070365,-0.188290340469527
16891.0,604.04,517,1.3440874744021396,1.5463592036347922
16892.0,362.19,59,-0.46311019607026843,-0.17715469692583408
16893.0,145.93,1,-0.7240851565211669,-0.36330041577606226
16895.0,219.14,1,-0.7114192710648063,-0.37596630123242286
16898.0,51.73,92,-0.3896240072976196,0.0037553628693994512
16899.0,389.68,269,0.35108839158052724,0.6275319335826219
16900.0,70.63000000000011,91,-0.3902086525148631,-0.003368969142686746
16903.0,373.24,1,-0.6847588018826567,-0.4026267704145724
16904.0,1570.81,456,1.2762222139512334,1.1439768530965824
16905.0,589.1,396,0.8751096186754416,1.0825508146125882
16906.0,295.94,32,-0.5786431413159113,-0.26976413687209483
16907.0,451.79,394,0.8436449696524652,1.0985975091769054
16910.0,434.4,120,-0.21549351270651498,0.045476230699528525
16912.0,986.54,245,0.3618419733039612,0.4317628983552736
16914.0,208.46,1,-0.7132669920957301,-0.3741185802014991
16915.0,340.49,121,-0.22788616660252936,0.06557786182487256
16916.0,198.08,1,-0.7150628108505043,-0.3723227614467248
16917.0,391.52,1,-0.6815962231892778,-0.40578934910795134
16918.0,729.76,125,-0.145121548688092,0.01364915282775441
16919.0,1010.08,540,1.5029887132319695,1.5647644410795472
16921.0,169.79,1,-0.7199571954914065,-0.36742837680582274
16923.0,4104.69,298,1.105593477800211,0.09658718701350154
16924.0,252.54,1,-0.7056408176534903,-0.38174475464373886
16926.0,230.25,1,-0.7094971567714015,-0.3778884155258277
16927.0,123.35,1,-0.727991667839356,-0.3593939044578732
16928.0,1089.39,665,1.9985210218031482,2.03285428617459
16929.0,740.6,118,-0.17022756674587597,-0.015207669719770039
16930.0,207.11,1,-0.713500552338403,-0.3738850199588261
16931.0,1383.65,510,1.4519844991293078,1.3844993383023156
16933.0,322.05,1,-0.6936150602696407,-0.3937705120275884
16938.0,2726.63,328,0.9828133006713516,0.450636681022254
16942.0,1012.29,96,-0.20802188491160395,-0.147010850599297
16943.0,172.1,1,-0.7195575479650549,-0.36782802433217426
16945.0,1939.8,304,0.7541780141102399,0.4942565140794514
16949.0,773.58,61,-0.38422762755706774,-0.24061931098037515
16950.0,778.41,360,0.7691000948737404,0.9110371581584181
16951.0,1038.79,5,-0.5541956477862319,-0.5023540155936781
16953.0,20.8,1,-0.745733595903142,-0.34165197639408706
16954.0,910.2,239,0.32550764241178437,0.4218433658714718
16955.0,518.67,570,1.5336057132630898,1.76541675792832
16957.0,114.84,1,-0.7294639624061314,-0.3579216098910978
16960.0,507.05,278,0.40608468961808464,0.6419164306090323
16963.0,110.55,1,-0.7302061649550698,-0.3571794073421593
16966.0,385.7999999999999,1,-0.6825858265878625,-0.40479974570936667
16967.0,319.02,1,-0.6941392732587511,-0.393246299038478
16968.0,186.12,1,-0.7171319815929995,-0.37025359070422964
16969.0,397.36,1,-0.6805858588802334,-0.4067997134169958
16971.0,232.21,181,-0.015350111260878718,0.3155804402430081
16979.0,501.38,183,0.03892731820569439,0.2767209652350946
16982.0,384.06,1,-0.6828868597895298,-0.4044987125076993
16983.0,731.45,573,1.581981733504085,1.7401676693753143
16984.0,4471.45,334,1.3078073305968372,0.17189651447274729
16985.0,1975.48,310,0.7834778565082817,0.5112105350573881
16986.0,1873.2,29,-0.31732866022780226,-0.5542055496481932
16987.0,231.93,1,-0.709206504024964,-0.37817906827226516
16988.0,126.12,1,-0.7275124368229086,-0.35987313547432065
16989.0,1029.3,300,0.5812366515377115,0.6363619677346605
16990.0,179.0,1,-0.7183637956136154,-0.36902177668361374
16992.0,716.26,36,-0.49050663781999626,-0.327064731450691
16996.0,1087.02,65,-0.3145821749773637,-0.27942885464276007
16997.0,78.0,1,-0.7358375619172955,-0.35154801037993366
16998.0,90.0,1,-0.7337614708713137,-0.3536241014259155
17001.0,1376.78,161,0.10557941048743887,0.04047137390809522
17002.0,480.46,1,-0.6662089283868095,-0.4211766439104197
17004.0,1006.4,1,-0.5752173179931707,-0.5121682543040584
17006.0,355.91,91,-0.34085304804838923,-0.0527245736091606
17007.0,250.66,59,-0.48240573226679756,-0.15785916072930495
17011.0,270.9,1,-0.7024643983531381,-0.38492117394409103
17014.0,565.58,180,0.038470939457702365,0.25405041229509734
17015.0,797.08,127,-0.12576570069080434,0.009711259289126297
17017.0,2110.87,666,2.1790993005552695,1.8599849846517977
17019.0,358.82,1,-0.6872535712895782,-0.40013200100765095
17022.0,71.0,1,-0.7370486150274516,-0.35033695726977765
17024.0,56.25,117,-0.29247979763701093,0.09933558394203515
17025.0,357.77,635,1.7563105524414349,2.04379543865641
17026.0,154.82999999999998,420,0.8924853405491895,1.2501905462427552
17030.0,146.87,1,-0.7239225293892316,-0.3634630429079975
17031.0,225.95,1,-0.7102410893962117,-0.37714448290101754
17033.0,300.29999999999995,1,-0.6973779752904827,-0.39000759700674636
17035.0,388.33,304,0.4857619328511252,0.7626725953385659
17038.0,112.4,1,-0.7298861009188143,-0.3574994713784148
17042.0,822.2,125,-0.12912872733054556,-0.0023436685297920177
17043.0,641.36,1,-0.6383720076119368,-0.4490135646852923
17045.0,148.35,3,-0.7159575009308974,-0.35601011690767215
17046.0,642.02,1,-0.6382578226044079,-0.44912774969282127
17048.0,746.82,301,0.536219956929965,0.6890876395717368
17049.0,2615.07,236,0.6088996216980384,0.11532445489722865
17050.0,2556.5,90,0.03601122957670243,-0.43729782846358184
17052.0,413.75,1,-0.6777502645265965,-0.4096353077706326
17053.0,496.38,59,-0.439894307948577,-0.20037058504752547
17054.0,463.08,98,-0.29533040462924603,-0.044284376422995465
17059.0,1567.3,516,1.5068842742001767,1.3758534266074252
17061.0,484.12000000000006,1,-0.6655757206177849,-0.4218098516794442
17062.0,294.43,123,-0.22814591883802635,0.08125556851902914
17064.0,711.5,64,-0.38340447272428557,-0.218315534125168
17068.0,1139.8,363,0.8431867726433482,0.8600774120767991
17069.0,1816.79,693,2.2322924219176947,2.014934248481277
17071.0,1573.6,331,0.7948938282863139,0.6616830850952811
17076.0,841.0799999999999,386,0.880159184342667,1.000411476652065
17078.0,378.2,1,-0.6839006842503176,-0.4034848880469115
17082.0,1366.91,1,-0.5128463527442625,-0.5745392195529665
17083.0,691.36,1,-0.6297216282536794,-0.45766394404354976
17084.0,2949.75,1,-0.23900302347577723,-0.8483825488214518
17085.0,1033.64,239,0.3468636989714504,0.4004873093118057
17086.0,1482.51,210,0.31274144479698945,0.21104922383570343
17088.0,622.5600000000001,36,-0.5067174487373707,-0.3108539205333165
17090.0,1092.5,302,0.5998797082758788,0.6331368654551527
17091.0,2727.49,395,1.241212824378861,0.7087386316798394
17092.0,633.07,55,-0.4316638553176322,-0.2394369465957893
17095.0,303.2,91,-0.3499722779678643,-0.04360534368968554
17096.0,263.61,1,-0.703725623663572,-0.38365994863365704
17097.0,318.87,303,0.46989033723196894,0.7708352137283923
17101.0,471.0,1,-0.6678455801613917,-0.4195399921358374
17105.0,665.78,86,-0.30651563008684873,-0.12560687771734985
17107.0,5774.12,37,0.3883960056137922,-1.198258397655149
17109.0,295.92,242,0.23079600761197086,0.5396819323592744
17114.0,461.57,182,0.028185397545984956,0.2797539086654743
17115.0,527.48,266,0.36336537124789015,0.5921280222272697
17119.0,606.91,150,-0.07001331540470852,0.13126535027761516
17122.0,138.32,1,-0.7254017442594937,-0.3619838280377355
17123.0,345.29999999999995,1,-0.689592633868051,-0.3977929384291781
17124.0,298.89,1,-0.6976219159883856,-0.3897636563088435
17126.0,689.18,299,0.5185388223764361,0.6913508196666063
17128.0,157.09,1,-0.7221543918484038,-0.3652311804488253
17131.0,1180.73,60,-0.31764207705744196,-0.3149138387093307
17133.0,2194.9700000000003,147,0.19316964762478434,-0.15504454443986684
17135.0,400.0,336,0.6111245670626189,0.883997232465625
17138.0,380.5,1,-0.6835027667998377,-0.4038828054973914
17139.0,4589.88,332,1.320587641915476,0.14369824869544887
17140.0,465.32,1,-0.6688282632564898,-0.4185573090407394
17144.0,388.68,1,-0.6820875647368269,-0.4052980075604023
17147.0,409.5,1,-0.6784855467720484,-0.40890002552518073
17157.0,157.54000000000002,1,-0.7220765384341795,-0.3653090338630497
17158.0,568.42,1,-0.6509911810197628,-0.43639439127746626
17160.0,1599.98,241,0.45255379311589095,0.3102151696260247
17162.0,1408.83,278,0.5620994715718733,0.4859016486552437
17164.0,1721.51,119,0.003331794194955781,-0.18105805343127204
17166.0,78.75,1,-0.7357078062269217,-0.35167776607030754
17169.0,308.68,1,-0.6959281717100387,-0.39145740058719036
17173.0,1239.16,241,0.3901291955149617,0.3726397672269539
17174.0,59.9,1,-0.7389689992449847,-0.3484165730522445
17175.0,302.62,1,-0.6969765976882596,-0.39040897460896956
17180.0,303.12,1,-0.696890093894677,-0.3904954784025521
17181.0,155.52,1,-0.7224260137602531,-0.3649595585369761
17183.0,1306.34,180,0.16662803972615856,0.12589331202664122
17186.0,72.0,1,-0.7368756074402864,-0.35050996485694275
17188.0,1163.23,302,0.6121165349160698,0.6209000388149617
17190.0,54.740000000000016,187,-0.022926836067088466,0.3694110284251965
17191.0,2095.13,517,1.6020573575482226,1.2883893204887094
17193.0,174.42000000000002,333,0.5605340497059096,0.9114608181343445
17194.0,10.0,1,-0.7476020778445257,-0.3397834944527035
17197.0,1013.01,1,-0.574073737842009,-0.5133118344552201
17198.0,521.66,183,0.042435912073403616,0.27321237136738535
17203.0,2262.93,182,0.33983434476179875,-0.03189503855033933
17204.0,461.25,1,-0.6695324041362519,-0.41785316816097723
17211.0,808.47,573,1.595306777867545,1.7268426250118545
17213.0,304.85,447,1.0225111313716568,1.3283071406121911
17214.0,498.07,221,0.1848252304494433,0.4237641877058768
17218.0,1091.14,514,1.4167960042662895,1.4505237420826531
17219.0,114.23,1,-0.7295694970343021,-0.357816075262927
17220.0,1147.7,237,0.35888796713417753,0.3730450866904189
17221.0,335.13,27,-0.5911354170482336,-0.2958167472864215
17222.0,354.15,1,-0.6880615167216394,-0.3993240555755897
17223.0,426.79,235,0.22645609024161986,0.4900590091243171
17226.0,393.49,1,-0.6812553982425624,-0.40613017405466667
17227.0,249.36,484,1.1555270191024634,1.480523410366586
17228.0,911.64,512,1.3780321651408154,1.4738696267494678
17229.0,161.05,1,-0.7214692818032298,-0.3659162904939993
17230.0,665.5,242,0.2947361516764668,0.4757417882947784
17231.0,1326.49,179,0.16625965399287138,0.11855272053059851
17232.0,213.48,1,-0.712398494008161,-0.37498707828906813
17233.0,190.88,1,-0.7163084654780935,-0.37107710681913575
17234.0,149.89,1,-0.7234000464759929,-0.3639855258212363
17235.0,341.9,1,-0.6901808596644126,-0.3972047126328166
17236.0,244.73,327,0.549571281471502,0.8761697229927736
17238.0,1967.6,608,1.9307521638915557,1.6612114420143855
17242.0,709.44,1,-0.6265936510777335,-0.4607919212194957
17243.0,4327.31,548,2.107730580521138,1.0216943916250174
17248.0,318.65,1,-0.6942032860660022,-0.3931822862312269
17250.0,221.87,1,-0.7109469603518455,-0.37643861194538375
17251.0,283.28000000000003,1,-0.7003225644240335,-0.3870630078731956
17252.0,341.96,1,-0.6901704792091826,-0.39721509308804653
17254.0,102.13,1,-0.7316628888390004,-0.3557226834582287
17259.0,381.64,1,-0.6833055381504695,-0.40408003414675964
17262.0,268.86,1,-0.702817333830955,-0.3845682384662741
17265.0,384.09,1,-0.6828816695619149,-0.4045039027353143
17266.0,197.58,29,-0.6072236334334702,-0.2643105764425255
17267.0,317.62,1,-0.6943814838807824,-0.3930040884164468
17268.0,311.48,125,-0.21748716224753076,0.08601476638719313
17274.0,111.98,1,-0.7299587641054237,-0.35742680819180545
17278.0,246.04,1,-0.7067653669700638,-0.3806202053271654
17282.0,687.0,1,-0.6304759413337194,-0.4569096309635097
17284.0,1147.52,129,-0.05742794461531963,-0.04320854232769896
17287.0,367.94,326,0.5670330576714552,0.8509989695634907
17288.0,127.3,1,-0.7273082878700536,-0.3600772844271755
17289.0,936.16,178,0.0948751138800337,0.18222828341410646
17290.0,172.21,1,-0.7195385171304668,-0.3678470551667624
17291.0,550.8000000000001,1,-0.6540395747056128,-0.43334599759161635
17293.0,1278.63,331,0.7438617803002098,0.7127151330813851
17295.0,556.95,153,-0.06709330861548475,0.15147227517638065
17298.0,107.64,1,-0.7307096170337205,-0.3566759552635087
17299.0,309.86,1,-0.6957240227571839,-0.39166154954004523
17302.0,876.8100000000001,67,-0.34324112264602,-0.23535195251544425
17306.0,2361.3,206,0.44936082786319176,0.043593931852182
17309.0,82.75,1,-0.7350157758782611,-0.3523697964189681
17312.0,399.5,122,-0.21382250026924893,0.05922317272092205
17313.0,2328.84,1,-0.3464251644224902,-0.7409604078747388
17314.0,1348.75,342,0.7983924470735437,0.7429832158306786
17315.0,2399.01,333,0.9454049980376298,0.5265898698026246
17317.0,2027.94,1,-0.39848314740048374,-0.6889024248967454
17320.0,450.92,1,-0.671319572511668,-0.4160659997855612
17321.0,700.86,56,-0.4160811823690418,-0.24731064231504987
17323.0,413.96,64,-0.4348811502094042,-0.16683885664004944
17324.0,702.23,475,1.199186567569961,1.367483066835121
17325.0,96.8,1,-0.7325850192785907,-0.35480055301863844
17330.0,264.9,1,-0.703502443876129,-0.3838831284211001
17331.0,175.2,1,-0.719021224444843,-0.3683643478523862
17334.0,306.6,214,0.12471804743227802,0.4299085301177339
17337.0,1944.32,306,0.762668985633556,0.5011834970147947
17338.0,1366.98,328,0.747583534782256,0.6858664469113496
17339.0,243.36,269,0.3257739214265225,0.6528464037366266
17340.0,8923.460000000001,452,2.532868495262411,-0.14350533713191366
17341.0,781.36,298,0.5306321731466546,0.6715484916670578
17345.0,155.8,1,-0.7223775716358468,-0.36500800066138234
17346.0,887.05,696,2.083003813670763,2.1873497884161974
17348.0,321.3,214,0.1272612589636057,0.4273653185864062
17350.0,394.98,1,-0.6809976169376863,-0.40638795535954275
17351.0,358.45,236,0.21848724034941844,0.5057368362458483
17353.0,1740.0,179,0.23780002136153244,0.047012353161937505
17356.0,178.22,1,-0.7184987415316042,-0.36888683076562495
17358.0,119.15,1,-0.7287182997054495,-0.35866727259177955
17360.0,330.95,1,-0.6920752927438709,-0.39531027955335823
17361.0,218.92,1,-0.7114573327339826,-0.37592823956324656
17362.0,150.0,1,-0.7233810156414048,-0.36400455665582443
17364.0,2662.19,292,0.8329031016264936,0.3230236998112404
17365.0,742.66,1,-0.6208463390321072,-0.4665392332651219
17368.0,750.87,40,-0.46910089076955086,-0.31763456958381725
17370.0,117.36,1,-0.7290279832864752,-0.35835758901075393
17372.0,670.2,302,0.5268186042160361,0.7061979695149954
17374.0,495.77,62,-0.4284363767327531,-0.1887015845753601
17376.0,105.85,1,-0.7310193006147461,-0.3563662716824831
17377.0,2199.38,665,2.1905577134805925,1.8408175944971459
17381.0,17098.07,664,4.76428963368747,-0.7406233029390605
17382.0,65.4,1,-0.7380174575155763,-0.34936811478165275
17383.0,199.29,1,-0.7148534716700344,-0.37253210062719466
17384.0,227.65,1,-0.7099469764980308,-0.3774385957991983
17386.0,1145.02,33,-0.42789137059106136,-0.4128069303676151
17387.0,346.44,1,-0.6893954052186827,-0.3979901670785464
17388.0,381.6,1,-0.683312458453956,-0.40407311384327305
17389.0,19992.65,327,3.966111272201903,-2.540370267737625
17392.0,145.5,1,-0.7241595497836479,-0.36322602251358127
17394.0,203.87,1,-0.7140610969208181,-0.373324475376411
17396.0,2431.5,363,1.0666606729845718,0.6366035117355755
17400.0,817.44,1,-0.6079088316638973,-0.4794767406333318
17402.0,1285.95,486,1.3425739311113154,1.3088944528163935
17403.0,281.62,1,-0.7006097570187277,-0.3867758152785014
17404.0,6017.38,241,1.2167975086592226,-0.45402854591730674
17405.0,511.48,179,0.02525674037740284,0.25955563414606697
17406.0,1934.92,415,1.181181973312676,0.9229490273326197
17409.0,771.85,93,-0.26118329501358717,-0.1169763721853031
17410.0,978.38,302,0.5801360824285919,0.6528804913024395
17412.0,685.46,635,1.8130034086795828,1.9871025824182624
17414.0,598.0,1,-0.6458736165914177,-0.4415119557058114
17416.0,3129.32,221,0.6400514441777432,-0.031462026022422755
17419.0,1829.96,454,1.3133481529357522,1.0914329596534043
17420.0,130.85,1,-0.7266941109356173,-0.36069146136161184
17422.0,1064.85,276,0.49487934450947535,0.5377038212589821
17423.0,449.42,1,-0.6715790838924156,-0.4158064884048135
17425.0,688.97,1,-0.630135116387004,-0.45725045591022506
17426.0,2936.91,239,0.6761438493952647,0.07120715888799165
17428.0,8567.99,540,2.8105644863433255,0.257188667968192
17429.0,512.12,244,0.27590922518640604,0.5099866692434989
17430.0,265.76,301,0.45299292704829813,0.7723146694534037
17432.0,175.89,1,-0.718901849209699,-0.36848372308753014
17433.0,303.15999999999997,1,-0.6968831735911905,-0.39050239870603876
17434.0,601.63,150,-0.07092679546494052,0.13217883033784714
17436.0,93.9,1,-0.7330867412813696,-0.35429883101585957
17440.0,186.42,2,-0.713225590702185,-0.3664510043657142
17442.0,1519.0,393,1.0244259081363194,0.9101075934637209
17443.0,534.24,1,-0.6569045803490676,-0.4304809919481615
17444.0,1217.64,1,-0.5386711952804044,-0.5487143770168247
17446.0,68.10000000000001,1,-0.7375503370302304,-0.34983523526699867
17449.0,922.89,340,0.7170064587740634,0.8089512496714996
17450.0,34492.14,512,7.187713445940122,-4.335811654049835
17451.0,294.18,1,-0.6984367817239334,-0.3889487905732957
17453.0,341.99999999999994,1,-0.690163558905696,-0.3972220133915331
17456.0,249.86,1,-0.7061044779870929,-0.38128109431013624
17457.0,1370.5,123,-0.04197764451722384,-0.1049127058017733
17459.0,300.39,1,-0.6973624046076379,-0.3900231676895913
17460.0,230.15,512,1.2601292245636375,1.5917725673266454
17461.0,382.56,1,-0.6831463711702775,-0.4042392011269516
17462.0,212.28,1,-0.7126061031127592,-0.37477946918446997
17464.0,289.96000000000004,1,-0.6991668737417703,-0.38821869855545876
17469.0,412.8,31,-0.562279963294457,-0.29383629212287915
17470.0,816.47,328,0.6523411279719695,0.781108853721636
17472.0,259.27,1,-0.7044764765918688,-0.3829090957053603
17481.0,838.03,119,-0.1495169489137106,-0.028209310322605725
17483.0,294.40000000000003,119,-0.24356906352430086,0.0658428042879845
17489.0,376.64,34,-0.5569724518023541,-0.27601687192699276
17490.0,931.13,93,-0.23362664652992213,-0.14453302066896812
17491.0,1706.98,396,1.0685113402156188,0.8891490930724109
17492.0,374.57,1,-0.6845287017917271,-0.40285687050550206
17495.0,497.56,32,-0.5437613515916738,-0.3046459265963322
17500.0,288.0,1,-0.699505968612614,-0.38787960368461505
17501.0,288.6,1,-0.699402164060315,-0.38798340823691413
17502.0,226.6,1,-0.7101286344645543,-0.3772569378326749
17503.0,558.96,181,0.04118011784533393,0.25905021113679544
17505.0,658.85,1,-0.6353461049124184,-0.45203946738481077
17507.0,340.56,1,-0.6904126898312138,-0.3969728824660153
17508.0,387.31,1,-0.682324585131243,-0.40506098716598604
17509.0,5215.75,92,0.5037906329749562,-0.8896592774031759
17511.0,46322.16,691,9.924350124280599,-5.692541408340283
17512.0,1635.27,190,0.26208031151904,0.10753081252705743
17514.0,208.65,1,-0.7132341206541687,-0.37415145164306046
17515.0,67.65,1,-0.7376281904444548,-0.3497573818527744
17516.0,281.02,186,0.012366832141976647,0.3264083829868015
17517.0,153.94,1,-0.722699365747974,-0.36468620654925515
17519.0,335.3,1,-0.6913227097397026,-0.3960628625575266
17521.0,563.65,153,-0.06593415778147826,0.15031312434237418
17522.0,845.02,123,-0.13288967142076666,-0.01400067889823051
17526.0,534.0,334,0.626598606513419,0.8531052385561652
17527.0,282.16,158,-0.09536162041927178,0.2182854731268165
17528.0,993.73,181,0.11639862651712601,0.18383170246500344
17530.0,516.45,333,0.6197078347440057,0.8522870330962485
17531.0,293.45,274,0.35371231454094926,0.6634528967688488
17535.0,164.4,1,-0.7208897063862265,-0.3664958659110026
17537.0,897.62,38,-0.451421004582395,-0.35073241022963275
17550.0,156.22,1,-0.7223049084492374,-0.36508066384799165
17552.0,298.52,604,1.6265707058472882,1.9345569911413338
17553.0,1487.6,1,-0.4919660670493007,-0.5954195052479284
17554.0,925.9,90,-0.2460949420547905,-0.15519165683208905
17555.0,195.45,1,-0.7155178208047487,-0.37186775149248047
17560.0,531.0,242,0.27146663120275416,0.49901130876849104
17562.0,235.3,123,-0.23837585746710163,0.09148550714810443
17566.0,486.95,1,-0.6650861091461076,-0.42229946315112155
17567.0,2051.83,597,1.9029252181971625,1.6042396381861512
17569.0,344.14,1,-0.6897933226691626,-0.39759224962806655
17571.0,75.6,1,-0.7362527801264919,-0.3511327921707373
17572.0,114.6,361,0.658110417052307,1.0297358132091805
17573.0,373.1,94,-0.3263155817810257,-0.044135108188534826
17574.0,185.65,1,-0.7172132951589671,-0.370172277138262
17576.0,1845.56,451,1.3044836054515339,1.0771705754496332
17578.0,124.74,88,-0.39241067781735156,-0.024293875528187635
17579.0,169.34,179,-0.03393607549528146,0.31874845001875124
17580.0,47.7,1,-0.7410796918083995,-0.34630588048882965
17581.0,5998.92,599,2.593510712650182,0.9290720981917909
17584.0,1242.3,54,-0.330116931603673,-0.34869284753907825
17585.0,417.81,1,-0.677047853722706,-0.4103377185745231
17589.0,1813.4,185,0.27362570994744373,0.05744052795200493
17590.0,320.93,1,-0.6938088287672657,-0.3935767435299634
17591.0,620.2,422,0.9807068586175648,1.1773869826330392
17593.0,1663.82,88,-0.1261381605632131,-0.290566392782326
17595.0,157.9,1,-0.7220142557028,-0.3653713165944291
17596.0,1900.87,393,1.090492315447075,0.8440411861529653
17597.0,2044.37,1,-0.3956406327433604,-0.6917449395538686
17602.0,1217.44,91,-0.19180182147799787,-0.20177580017955182
17604.0,173.12,1,-0.7193810802261464,-0.3680044920710827
17608.0,193.42,1,-0.7158690262066939,-0.3715165460905352
17609.0,99.35,1,-0.7321438499313195,-0.3552417223659096
17611.0,1699.93,265,0.562353628205005,0.38543078804082526
17612.0,704.36,118,-0.17649736170474098,-0.008937874760905015
17613.0,826.5500000000001,179,0.07976624086552653,0.20504613365794333
17615.0,211.05,2,-0.7089644138303074,-0.3707121812375918
17616.0,326.4,1,-0.6928624772654723,-0.39452309503175675
17618.0,971.58,142,-0.03775854751051247,0.037338764548781
17620.0,81.44,1,-0.7352424158174473,-0.3521431564797818
17623.0,527.0500000000001,1,-0.658148504900785,-0.42923706739644407
17624.0,400.3,1,-0.6800772165739678,-0.40730835572326135
17629.0,1354.03,249,0.4408384859699416,0.3836022946066124
17631.0,111.83,1,-0.7299847152434985,-0.35740085705373065
17633.0,638.23,150,-0.06459471777469603,0.12584675264760267
17634.0,2049.36,238,0.5187364767921712,0.22090555426175504
17637.0,208.11,1,-0.7133275447512378,-0.37405802754599127
17639.0,108.5,1,-0.7305608305087584,-0.35682474178847073
17642.0,316.99,1,-0.6944904786606964,-0.39289509363653274
17643.0,101.55,1,-0.7317632332395562,-0.355622339057673
17644.0,979.27,241,0.34516625368661097,0.41760270905530467
17646.0,1008.39,204,0.2075881558822594,0.2699486493744547
17647.0,133.06,1,-0.7263117641679824,-0.3610738081292468
17648.0,1273.98,188,0.19186542312281338,0.1623277464646245
17651.0,1654.75,122,0.0033452735198050663,-0.15794460106813185
17652.0,2207.61,246,0.5769508363783753,0.22436301251018928
17653.0,1175.88,303,0.6181595695083738,0.6225659814519875
17654.0,117.55,1,-0.7289951118449138,-0.3583904604523153
17655.0,990.0,354,0.782579838554025,0.8513035511021547
17656.0,473.98,276,0.3926543514812034,0.639928814287254
17658.0,317.59999999999997,1,-0.6943849440325257,-0.3930006282647035
17659.0,887.97,635,1.8480391751563972,1.952066815941448
17663.0,437.19,177,0.004695029497574186,0.26469939056723624
17664.0,326.19,1,-0.6928988088587771,-0.3944867634384521
17666.0,728.16,32,-0.5038658019913904,-0.3445414761966157
17667.0,1127.46,332,0.7215627119631189,0.7427231786478057
17668.0,347.75,212,0.12412833241479404,0.4150802906765581
17669.0,844.0,157,-0.0020135262610690065,0.11722840173928407
17671.0,1098.55,449,1.1675362305339658,1.1986999959085418
17672.0,1152.34,123,-0.07972097973317287,-0.06716937058582427
17673.0,699.64,124,-0.15418702582817123,0.01500565273850376
17674.0,300.66,1,-0.6973156925591033,-0.39006987973812585
17675.0,7773.16,512,2.5651271846262325,0.28677460726405113
17676.0,1156.7,485,1.316358211855555,1.3274011948428244
17677.0,6821.74,517,2.4197967491188903,0.4706499289180418
17682.0,742.29,356,0.7474331063666755,0.9018682377481636
17685.0,2100.63,664,2.169618725633369,1.8540476051150392
17686.0,3774.58,268,0.9328472847611771,0.03806406317264244
17690.0,2845.71,606,2.074962879027815,1.5015827724194661
17691.0,142.5,1,-0.7246785725451433,-0.3627069997520858
17692.0,220.68,119,-0.25632318285011574,0.07859692361379933
17696.0,1579.21,423,1.1504773533994794,1.015325465080454
17700.0,1671.98,387,1.0277656771328547,0.8605139610912071
17701.0,417.95,1,-0.6770236326605029,-0.41036193963672624
17702.0,397.45,364,0.7186090789259645,0.9923640830235129
17703.0,307.78,1,-0.6960838785384874,-0.39130169375874174
17705.0,1042.4,147,-0.006233707114152131,0.044358810299069525
17706.0,3432.87,452,1.5829547672493125,0.8064083908811848
17707.0,152.4,5,-0.7075478429735488,-0.3490018204063612
17708.0,156.48,1,-0.7222599264765746,-0.3651256458206546
17716.0,2643.56,190,0.43652213158178865,-0.06691100753569117
17719.0,2251.92,305,0.8120316308308914,0.4441118745881298
17720.0,102.0,1,-0.7316853798253319,-0.35570019247189727
17722.0,1590.6,240,0.44707649333361693,0.3079834921789689
17723.0,2199.3,241,0.5562407002557085,0.2065282624862073
17725.0,260.28999999999996,30,-0.5925198390276787,-0.271305393618987
17728.0,2530.98,33,-0.1881097750836506,-0.6525885258750257
17730.0,2352.36,151,0.2358172662273667,-0.1668562541251302
17731.0,963.74,182,0.1150646175927081,0.19287468861875123
17732.0,303.97,1,-0.6967430374455866,-0.3906425348516425
17733.0,475.24,1,-0.6671120279918115,-0.42027354430541763
17735.0,7296.29,390,2.0123774455456718,-0.10097087563361969
17737.0,87.39,1,-0.7342130206738148,-0.35317255162341443
17738.0,779.92,1,-0.6144000763343337,-0.4729854959628954
17739.0,1106.37,268,0.4712267106112532,0.49968463732256596
17742.0,302.57,1,-0.6969852480676179,-0.3904003242296113
17744.0,1010.94,99,-0.1966919793102822,-0.1352138245126294
17750.0,446.18,92,-0.32138116454032634,-0.06448747988789376
17754.0,1197.2,212,0.27108962733223035,0.2681189957591219
17757.0,2281.51,601,1.9580795552759134,1.579921210024719
17758.0,965.16,216,0.2463629012650886,0.3236816307435827
17760.0,172.54,1,-0.7194814246267023,-0.3679041476705269
17761.0,712.78,1,-0.6260158057366019,-0.4613697665606273
17764.0,261.97,1,-0.7040093561065229,-0.3833762161907062
17765.0,109.33,1,-0.7304172342114114,-0.3569683380858178
17768.0,1861.85,150,0.14710082603232427,-0.08584879115941756
17769.0,1453.79,160,0.1150482361603622,0.023293571005842197
17770.0,967.07,274,0.47025368540713736,0.5469115259026607
17774.0,820.58,89,-0.268170589749689,-0.14082498636652038
17781.0,86.02,1,-0.734450041068231,-0.3529355312289981
17783.0,112.41,1,-0.7298843708429427,-0.3575012014542865
17787.0,1335.28,573,1.6864489048620175,1.635700498017382
17788.0,16.7,1,-0.7464429270105192,-0.34094264528671003
17789.0,225.9,1,-0.7102497397755698,-0.3771358325216593
17790.0,999.54,421,1.0424810681181274,1.1079037959031464
17791.0,106.1,1,-0.7309760487179549,-0.35640952357927436
17796.0,396.9,476,1.1502166495954904,1.4241619620389208
17797.0,272.41,1,-0.7022031568965188,-0.38518241540071035
17799.0,500.35,299,0.48586979969204086,0.7240198423510015
17800.0,874.1,300,0.5543858740096804,0.6632127452626917
17802.0,599.22,662,1.9021544269584119,2.1060939493313366
17809.0,3049.9100000000003,658,2.310724436289513,1.666688031082917
17811.0,2836.75,340,1.0481187595459567,0.47783894889960654
17812.0,261.02,212,0.10912338437996064,0.43008523871139154
17813.0,1251.36,150,0.04148142414387211,0.019770610729034566
17816.0,31.46,240,0.17733344388094566,0.5777265416316401
17817.0,387.68,52,-0.4856816529760829,-0.2085460806253279
17819.0,1579.57,572,1.7248584397159268,1.5895819859341427
17827.0,1995.46,388,1.087584660043702,0.8084039554096893
17828.0,802.35,205,0.17579616123741693,0.309449621248627
17830.0,111.05,1,-0.7301196611614873,-0.35726591113574185
17831.0,35.400000000000006,1,-0.7432076851305309,-0.3441778871666983
17835.0,114.14,1,-0.729585067717147,-0.35780050458008217
17837.0,524.6,183,0.042944554379669174,0.2727037290611198
17838.0,1560.56,634,1.96054785959314,1.831849154275375
17841.0,17039.99,696,4.877584988694195,-0.6072313866072327
17843.0,205.48,1,-0.7137825547054822,-0.37360301759174697
17848.0,367.53,60,-0.4583318469401417,-0.17422406882663105
17849.0,454.35,148,-0.10411633013195352,0.1499504105462006
17850.0,5288.63,628,2.5824053233879303,1.163737827104607
17854.0,199.5,1,-0.7148171400767298,-0.37256843222049935
17855.0,208.97,1,-0.7131787582262759,-0.3742068140709533
17856.0,758.21,161,-0.001437892705307713,0.14748867710084174
17857.0,14824.48,421,3.43430058022109,-1.2839157161998156
17858.0,1661.67,575,1.7506258284661804,1.5869415288718787
17859.0,148.21,1,-0.7236906992224303,-0.3636948730747988
17860.0,252.8,1,-0.7055958356808273,-0.3817897366164018
17861.0,1219.69,125,-0.06035994150827024,-0.07111245435206733
17863.0,1923.4,547,1.687981423044298,1.433734571872527
17864.0,480.72,67,-0.41176769784626416,-0.16682537731520017
17865.0,3294.07,422,1.4433066557108432,0.7147871855397608
17867.0,239.62,1,-0.707876075679664,-0.37950949661756517
17869.0,310.96,418,0.9117880379039541,1.2154698944293303
17870.0,988.08,393,0.9325727199585983,1.0019607816414422
17873.0,1097.07,570,1.6336733016794123,1.6653491695119975
17874.0,122.76,1,-0.7280937423157834,-0.35929182998144576
17880.0,458.92,1,-0.6699355118143467,-0.4174500604828824
17881.0,133.35000000000002,1,-0.7262615919677045,-0.3611239803295247
17883.0,304.21999999999997,22,-0.6157555246408327,-0.3097415258404711
17884.0,717.45,456,1.1285844593679815,1.2916146076798345
17886.0,726.54,128,-0.13411516727476916,0.02576970310242083
17887.0,111.35,1,-0.7300677588853377,-0.3573178134118914
17888.0,345.05,306,0.4859831417079472,0.7778693409404033
17889.0,102.02,1,-0.7316819196735886,-0.35570365262364056
17892.0,142.1,1,-0.7247477755800094,-0.36263779671721974
17894.0,235.67,239,0.20880883464127603,0.5385421736419801
17897.0,409.12,181,0.015256660984507887,0.28497366799762147
17899.0,155.8,1,-0.7223775716358468,-0.36500800066138234
17900.0,112.2,1,-0.7299207024362474,-0.3574648698609818
17901.0,110.38,1,-0.730235576244888,-0.3571499960523412
17905.0,426.59,510,1.2864058577570299,1.5500779796745938
17906.0,72.9,1,-0.7367199006118378,-0.3506656716853914
17908.0,243.28,1,-0.7072428679106396,-0.38014270438658954
17912.0,126.75,113,-0.2957007172005275,0.07172059458823253
17913.0,193.55,1,-0.7158465352203625,-0.3715390370768667
17914.0,336.43,1,-0.6911272111662059,-0.39625836113102325
17917.0,110.91,1,-0.7301438822236904,-0.35724169007353873
17919.0,1304.04,1,-0.5237233397493355,-0.5636622325478935
17920.0,1856.23,515,1.5530168677451388,1.322011855833134
17921.0,224.76,1,-0.7104469684249382,-0.376938603872291
17923.0,207.50000000000003,1,-0.7134330793794086,-0.3739524929178205
17924.0,2034.75,659,2.1389485427176043,1.8461729018841548
17925.0,244.08,1,-0.7071044618409075,-0.3802811104563217
17928.0,78.25999999999999,1,-0.7357925799446325,-0.3515929923525966
17929.0,196.2,1,-0.7153880651143748,-0.37199750718285435
17930.0,749.88,60,-0.3921823959875467,-0.24037351977922597
17932.0,986.07,54,-0.3744466656629993,-0.304363113479752
17934.0,638.45,1,-0.6388754596905875,-0.4485101126066417
17936.0,389.84,1,-0.6818868759357152,-0.4054986963615139
17937.0,2080.26,242,0.5395003656942339,0.2309775742770115
17939.0,99.14,1,-0.7321801815246242,-0.35520539077260493
17940.0,1756.0800000000002,207,0.34850766457376475,0.15215607237093867
17941.0,304.56,1,-0.6966409629691592,-0.3907446093280699
17942.0,77.50000000000001,1,-0.7359240657108781,-0.35146150658635106
17947.0,176.68,1,-0.7187651732158385,-0.3686203990813906
17949.0,14087.96,634,4.127883107045835,-0.3354860931773184
17950.0,253.09,1,-0.7055456634805495,-0.3818399088166797
17951.0,295.5,1,-0.6982084117088755,-0.3891771605883537
17954.0,1119.19,513,1.4177943784716072,1.441816390648006
17955.0,394.1,30,-0.56936969378911,-0.29445553885755565
17956.0,12.75,1,-0.7471263069798215,-0.3402592653174077
17957.0,111.68,1,-0.7300106663815733,-0.3573749059156559
17961.0,299.25,664,1.857966318265812,2.1657000124825965
17964.0,471.7,544,1.4252628429126557,1.67332622031618
17965.0,1936.09,567,1.7672666616187216,1.5086288778846992
17966.0,951.43,269,0.44827540367055,0.5303449214925993
17967.0,123.07,1,-0.7280401099637622,-0.3593454623334669
17968.0,277.35,1,-0.7013484994159229,-0.38603707288130623
17970.0,582.59,1,-0.6485396635096327,-0.43884590878759644
17972.0,136.04,1,-0.7257962015582302,-0.36158937073899894
17974.0,172.77,1,-0.7194416328816543,-0.3679439394155749
17975.0,1606.56,331,0.8005961583592772,0.6559807550223178
17976.0,353.19,1,-0.688227604005318,-0.39915796829191114
17977.0,288.14,1,-0.6994817475504109,-0.38790382474681817
17978.0,300.91999999999996,1,-0.6972707105864404,-0.3901148617107888
17979.0,253.17,1,-0.7055318228735763,-0.3818537494236529
17987.0,198.57,1,-0.7149780371327934,-0.37240753516443575
17988.0,13.37,1,-0.7470190422757791,-0.34036653002145006
17994.0,322.44,242,0.2353841688235906,0.5350937711476547
17995.0,76.1,1,-0.7361662763329093,-0.3512192959643199
17997.0,934.15,239,0.3296511741243897,0.41769983415886647
17999.0,382.06,183,0.01828405290514875,0.2973642305356402
18004.0,169.47,1,-0.7200125579192993,-0.3673730143779299
18005.0,109.75,1,-0.730344571024802,-0.35704100127242716
18008.0,162.5,1,-0.7212184208018403,-0.3661671514953888
18011.0,102.79,1,-0.7315487038314714,-0.35583686846575774
18013.0,187.29,1,-0.7169295627160163,-0.37045600958121283
18014.0,166.42,1,-0.720540231060153,-0.3668453412370762
18015.0,120.03,1,-0.7285660530287442,-0.3588195192684849
18016.0,690.91,271,0.41091244429161494,0.5831258353301937
18017.0,165.0,1,-0.7207859018339274,-0.36659967046330166
18022.0,668.11,1,-0.6337440546552691,-0.45364151764196003
18024.0,236.77999999999997,1,-0.7083674172272131,-0.3790181550700161
18027.0,115.31,1,-0.7293826488401638,-0.35800292345706536
18030.0,109.55,1,-0.7303791725422351,-0.3570063997549941
18032.0,73.5,1,-0.7366160960595387,-0.3507694762376905
18033.0,97.97,1,-0.7323826004016075,-0.3550029718956217
18035.0,239.56,1,-0.7078864561348939,-0.3794991161623352
18036.0,261.88,23,-0.6192261772667403,-0.29856189598523386
18037.0,40.5,237,0.16733396662492395,0.5645990871996724
18040.0,239.0,1,-0.7079833403837065,-0.37940223191352274
18041.0,1989.97,600,1.903786434699121,1.626505353372182
18043.0,316.46,1,-0.6945821726818939,-0.3928033996153352
18044.0,744.42,129,-0.12716730300159143,0.026530816058572795
18055.0,2511.49,300,0.8376667671580246,0.37993185211434755
18059.0,124.08,1,-0.7278653723007255,-0.35952019999650375
18061.0,1213.91,452,1.1990578516333321,1.190305306497165
18062.0,485.92,88,-0.3299237974850428,-0.08678075586049637
18065.0,1450.76,328,0.7620781104349522,0.6713718712586533
18069.0,1092.41,3,-0.5526279581917664,-0.5193396596468032
18071.0,258.95,1,-0.7045318390197617,-0.38285373327746747
18073.0,1470.18,120,-0.03629571407259635,-0.13372156793439002
18074.0,489.6,1,-0.6646276390401199,-0.4227579332571092
18075.0,617.21,311,0.5523413297041387,0.7500560390908606
18077.0,1051.81,453,1.1748678103685264,1.2222043249913006
18078.0,138.19,1,-0.7254242352458251,-0.361961337051404
18079.0,593.35,1,-0.6466781018717357,-0.44070747042549346
18080.0,841.4999999999999,1,-0.6037462691167038,-0.4836393031805253
18081.0,135.4,1,-0.7259069264140159,-0.36147864588321327
18085.0,303.9,1,-0.6967551479766882,-0.3906304243205409
18086.0,101.34,1,-0.7317995648328609,-0.35558600746436825
18087.0,812.0,265,0.40873500133345364,0.5390494149123765
18088.0,167.67000000000002,1,-0.7203239715761965,-0.3670616007210326
18092.0,5251.2,452,1.897539653219319,0.4918235049111785
18093.0,1841.92,121,0.03187261499484123,-0.19418091977249788
18094.0,633.0,1,-0.6398183510406374,-0.44756722125659165
18095.0,374.75,1,-0.6844975604260374,-0.4028880118711918
18096.0,148.66,1,-0.7236128458082061,-0.36377272648902315
18097.0,1715.9,84,-0.13254587988231162,-0.31499458238054645
18099.0,168.31,1,-0.7202132467204109,-0.36717232557681834
18102.0,135953.04,426,24.409732925683468,-22.220803175515535
18104.0,754.64,1,-0.6187737081378687,-0.4686118641593604
18105.0,113.48000000000002,1,-0.729699252724676,-0.3576863195725532
18109.0,4554.2,573,2.2433464873396605,1.078802915539739
18113.0,76.32000000000001,1,-0.736128214663733,-0.3512573576334962
18116.0,504.25,148,-0.09548325153241255,0.1413173319466596
18118.0,2352.3,547,1.7621843771794308,1.3595316177373944
18119.0,181.12,1,-0.7179970195288252,-0.3693885527684039
18120.0,111.15,1,-0.7301023604027708,-0.3572832118944584
18121.0,649.85,1,-0.6369031731969047,-0.4504823991003244
18122.0,759.42,328,0.6424710451241977,0.7909789365694078
18123.0,323.47999999999996,1,-0.6933676594199946,-0.39401791287723453
18125.0,197.85,1,-0.7151026025955524,-0.37228296970167685
18126.0,206.83,1,-0.7135489944628093,-0.3738365778344199
18129.0,112.55,1,-0.7298601497807395,-0.35752542251648955
18130.0,442.26,303,0.4912377434122767,0.7494878075480844
18133.0,715.4999999999999,30,-0.513765055274231,-0.3500601773724347
18135.0,558.26,273,0.39567196508348756,0.6137842689969805
18136.0,495.34,147,-0.1008792377487189,0.13900434093363626
18142.0,1014.9,212,0.2395503441920236,0.29965827889932867
18144.0,1202.85,661,2.002732508184246,1.9978068908761724
18146.0,76.65,1,-0.7360711221599685,-0.3513144501372607
18149.0,549.68,89,-0.315038345112728,-0.09395723100348138
18150.0,153.3,1,-0.7228100906037598,-0.3645754816934694
18154.0,178.7,1,-0.7184156978897649,-0.36896987440746426
18156.0,206.23,1,-0.7136527990151084,-0.3737327732821208
18158.0,343.8,1,-0.6898521452487988,-0.3975334270484304
18159.0,530.15,1,-0.6576121813805731,-0.429773390916656
18161.0,630.22,157,-0.03899908824523468,0.15421396372344975
18164.0,394.7,181,0.012761891577586466,0.2874684374045429
18167.0,367.25,150,-0.11147631374470827,0.1727283486176149
18168.0,440.7,596,1.62033301567311,1.8791228634808737
18169.0,202.65,1,-0.7142721661771596,-0.37311340612006955
18170.0,629.01,5,-0.6250906968547668,-0.4314589665251431
18171.0,782.39,334,0.6695719610893706,0.8101318839802136
18172.0,3405.27,330,1.1079321468544383,0.3409357892978268
18173.0,853.48,1,-0.6016736382224653,-0.48571193407476376
18174.0,104.0,1,-0.7313393646510016,-0.3560462076462276
18177.0,627.77,96,-0.2745467623283473,-0.08048597318255372
18178.0,1590.81,174,0.1927165763590393,0.053550912017781796
18179.0,545.8,178,0.027339872154245902,0.24976352513989422
18180.0,940.75,211,0.2228673429890629,0.3086323028729596
18183.0,305.90000000000003,150,-0.1220903292172902,0.1833423640901968
18185.0,304.25,1,-0.6966945953211804,-0.39069097697604876
18196.0,238.35,1,-0.7080957953153637,-0.3792897769818654
18198.0,2158.18,190,0.3525477089235684,0.01706341512252909
18202.0,485.73,1,-0.6652971784024491,-0.4220883938947801
18203.0,160.42000000000002,1,-0.7215782765831439,-0.3658072957140853
18205.0,291.6,1,-0.6988831412988196,-0.3885024309984096
18209.0,139.10000000000002,1,-0.7252667983415049,-0.36211877395572434
18210.0,499.27,59,-0.43939431602166973,-0.20087057697443278
18211.0,137.9,1,-0.725474407446103,-0.3619111648511261
18215.0,299.34000000000003,1,-0.6975440625741612,-0.38984150972306786
18216.0,481.75,1,-0.6659857485993663,-0.4213998236978628
18217.0,303.85,1,-0.6967637983560464,-0.3906217739411827
18218.0,662.08,277,0.42905156724163296,0.6112405757561543
18219.0,630.1800000000001,450,1.0903591555480898,1.283586048123748
18221.0,708.81,177,0.051687350323372086,0.21770706974143839
18222.0,443.0,1,-0.6726897926020159,-0.41469577969521326
18223.0,1431.07,244,0.4348945474118202,0.3510013470180848
18225.0,767.3000000000001,477,1.2181531484961268,1.3639344403676144
18226.0,2235.23,324,0.8823794178797377,0.5202346548965491
18227.0,93.75,1,-0.7331126924194444,-0.3542728798777848
18229.0,2397.74,696,2.3443646455252827,1.925988956561678
18230.0,1691.17,394,1.0580671130332082,0.8841753657961623
18232.0,119.14,61,-0.4974507129014282,-0.1273962256360147
18235.0,749.8,156,-0.022165329586691047,0.12967122783557625
18236.0,626.49,244,0.29569610293048415,0.4901997914994208
18237.0,663.72,211,0.17493905111670152,0.356560594745321
18239.0,904.81,446,1.122454274752595,1.2206550200019233
18241.0,900.73,304,0.5744110205145478,0.6740235076751433
18242.0,314.26,1,-0.6949627893736573,-0.3924227829235719
18245.0,1336.13,295,0.6150481264342701,0.5640056066914532
18248.0,804.02,93,-0.2556176409344843,-0.12254202626440597
18250.0,342.92,273,0.35841651126334423,0.6510397228171239
18255.0,103.3,1,-0.7314604699620172,-0.35592510233521196
18257.0,510.53,177,0.01738340594026625,0.2520110141245442
18259.0,376.30000000000007,1,-0.6842293986659314,-0.40315617363129774
18260.0,557.07,1,-0.6529548171340873,-0.43443075516314184
18261.0,224.8,1,-0.7104400481214516,-0.3769455241757776
18263.0,811.4,183,0.09256313037863406,0.22308515306215496
18265.0,488.55,1,-0.6648092970066434,-0.4225762752905858
18269.0,168.6,1,-0.720163074520133,-0.3672224977770962
18270.0,171.20000000000002,1,-0.7197132547935036,-0.3676723175037256
18272.0,1747.56,156,0.1504547205832086,-0.042948822334323344
18273.0,153.0,64,-0.4800292101560216,-0.12169079669343204
18274.0,175.92,1,-0.7188966589820841,-0.3684889133151451
18277.0,110.38,1,-0.730235576244888,-0.3571499960523412
18280.0,180.6,1,-0.7180869834741511,-0.369298588823078
18281.0,80.82,1,-0.7353496805214897,-0.35203589177573935
18282.0,176.6,208,0.0791001294128192,0.42927258476121394
18283.0,565.65,155,-0.05787916537781818,0.15767608639737365
18287.0,1001.32,1,-0.5760961965359696,-0.5112893757612595
